Jul 11, 2019 3:06:57 PM org.postgresql.Driver connect
FINE: Connecting with URL: jdbc:postgresql://localhost/postchain?loggerLevel=TRACE&loggerFile=db.log
Jul 11, 2019 3:06:57 PM org.postgresql.jdbc.PgConnection <init>
FINE: PostgreSQL JDBC Driver 42.1.4
Jul 11, 2019 3:06:57 PM org.postgresql.jdbc.PgConnection setDefaultFetchSize
FINE:   setDefaultFetchSize = 0
Jul 11, 2019 3:06:57 PM org.postgresql.jdbc.PgConnection setPrepareThreshold
FINE:   setPrepareThreshold = 5
Jul 11, 2019 3:06:57 PM org.postgresql.core.v3.ConnectionFactoryImpl openConnectionImpl
FINE: Trying to establish a protocol version 3 connection to localhost:5432
Jul 11, 2019 3:06:57 PM org.postgresql.core.Encoding <init>
FINEST: Creating new Encoding UTF-8 with fastASCIINumbers true
Jul 11, 2019 3:06:57 PM org.postgresql.core.Encoding <init>
FINEST: Creating new Encoding UTF-8 with fastASCIINumbers true
Jul 11, 2019 3:06:57 PM org.postgresql.core.Encoding <init>
FINEST: Creating new Encoding UTF-8 with fastASCIINumbers true
Jul 11, 2019 3:06:57 PM org.postgresql.core.v3.ConnectionFactoryImpl openConnectionImpl
FINE: Receive Buffer Size is 408,300
Jul 11, 2019 3:06:57 PM org.postgresql.core.v3.ConnectionFactoryImpl openConnectionImpl
FINE: Send Buffer Size is 146,988
Jul 11, 2019 3:06:57 PM org.postgresql.core.v3.ConnectionFactoryImpl sendStartupPacket
FINEST:  FE=> StartupPacket(user=postchain, database=postchain, client_encoding=UTF8, DateStyle=ISO, TimeZone=Europe/Amsterdam, extra_float_digits=2, search_path=test_app)
Jul 11, 2019 3:06:57 PM org.postgresql.core.v3.ConnectionFactoryImpl doAuthentication
FINEST:  <=BE AuthenticationOk
Jul 11, 2019 3:06:57 PM org.postgresql.core.v3.QueryExecutorImpl readStartupMessages
FINEST:  <=BE ParameterStatus(application_name = )
Jul 11, 2019 3:06:57 PM org.postgresql.core.v3.QueryExecutorImpl readStartupMessages
FINEST:  <=BE ParameterStatus(client_encoding = UTF8)
Jul 11, 2019 3:06:57 PM org.postgresql.core.v3.QueryExecutorImpl readStartupMessages
FINEST:  <=BE ParameterStatus(DateStyle = ISO, MDY)
Jul 11, 2019 3:06:57 PM org.postgresql.core.v3.QueryExecutorImpl readStartupMessages
FINEST:  <=BE ParameterStatus(integer_datetimes = on)
Jul 11, 2019 3:06:57 PM org.postgresql.core.v3.QueryExecutorImpl readStartupMessages
FINEST:  <=BE ParameterStatus(IntervalStyle = postgres)
Jul 11, 2019 3:06:57 PM org.postgresql.core.v3.QueryExecutorImpl readStartupMessages
FINEST:  <=BE ParameterStatus(is_superuser = off)
Jul 11, 2019 3:06:57 PM org.postgresql.core.v3.QueryExecutorImpl readStartupMessages
FINEST:  <=BE ParameterStatus(server_encoding = UTF8)
Jul 11, 2019 3:06:57 PM org.postgresql.core.v3.QueryExecutorImpl readStartupMessages
FINEST:  <=BE ParameterStatus(server_version = 11.4)
Jul 11, 2019 3:06:57 PM org.postgresql.core.v3.QueryExecutorImpl readStartupMessages
FINEST:  <=BE ParameterStatus(session_authorization = postchain)
Jul 11, 2019 3:06:57 PM org.postgresql.core.v3.QueryExecutorImpl readStartupMessages
FINEST:  <=BE ParameterStatus(standard_conforming_strings = on)
Jul 11, 2019 3:06:57 PM org.postgresql.core.v3.QueryExecutorImpl readStartupMessages
FINEST:  <=BE ParameterStatus(TimeZone = Europe/Amsterdam)
Jul 11, 2019 3:06:57 PM org.postgresql.core.v3.QueryExecutorImpl readStartupMessages
FINEST:  <=BE BackendKeyData(pid=20,157,ckey=-229,409,886)
Jul 11, 2019 3:06:57 PM org.postgresql.core.v3.QueryExecutorImpl receiveRFQ
FINEST:  <=BE ReadyForQuery(I)
Jul 11, 2019 3:06:57 PM org.postgresql.core.v3.QueryExecutorImpl execute
FINEST:   simple execute, handler=org.postgresql.core.SetupQueryRunner$SimpleResultHandler@7331196b, maxRows=0, fetchSize=0, flags=1,047
Jul 11, 2019 3:06:57 PM org.postgresql.core.v3.QueryExecutorImpl sendParse
FINEST:  FE=> Parse(stmt=null,query="SET extra_float_digits = 3",oids={})
Jul 11, 2019 3:06:57 PM org.postgresql.core.v3.QueryExecutorImpl sendBind
FINEST:  FE=> Bind(stmt=null,portal=null)
Jul 11, 2019 3:06:57 PM org.postgresql.core.v3.QueryExecutorImpl sendExecute
FINEST:  FE=> Execute(portal=null,limit=1)
Jul 11, 2019 3:06:57 PM org.postgresql.core.v3.QueryExecutorImpl sendSync
FINEST:  FE=> Sync
Jul 11, 2019 3:06:57 PM org.postgresql.core.v3.QueryExecutorImpl processResults
FINEST:  <=BE ParseComplete [null]
Jul 11, 2019 3:06:57 PM org.postgresql.core.v3.QueryExecutorImpl processResults
FINEST:  <=BE BindComplete [unnamed]
Jul 11, 2019 3:06:57 PM org.postgresql.core.v3.QueryExecutorImpl receiveCommandStatus
FINEST:  <=BE CommandStatus(SET)
Jul 11, 2019 3:06:57 PM org.postgresql.core.v3.QueryExecutorImpl receiveRFQ
FINEST:  <=BE ReadyForQuery(I)
Jul 11, 2019 3:06:57 PM org.postgresql.core.v3.QueryExecutorImpl execute
FINEST:   simple execute, handler=org.postgresql.core.SetupQueryRunner$SimpleResultHandler@e70f13a, maxRows=0, fetchSize=0, flags=1,047
Jul 11, 2019 3:06:57 PM org.postgresql.core.v3.QueryExecutorImpl sendParse
FINEST:  FE=> Parse(stmt=null,query="SET application_name = 'PostgreSQL JDBC Driver'",oids={})
Jul 11, 2019 3:06:57 PM org.postgresql.core.v3.QueryExecutorImpl sendBind
FINEST:  FE=> Bind(stmt=null,portal=null)
Jul 11, 2019 3:06:57 PM org.postgresql.core.v3.QueryExecutorImpl sendExecute
FINEST:  FE=> Execute(portal=null,limit=1)
Jul 11, 2019 3:06:57 PM org.postgresql.core.v3.QueryExecutorImpl sendSync
FINEST:  FE=> Sync
Jul 11, 2019 3:06:57 PM org.postgresql.core.v3.QueryExecutorImpl processResults
FINEST:  <=BE ParseComplete [null]
Jul 11, 2019 3:06:57 PM org.postgresql.core.v3.QueryExecutorImpl processResults
FINEST:  <=BE BindComplete [unnamed]
Jul 11, 2019 3:06:57 PM org.postgresql.core.v3.QueryExecutorImpl processResults
FINEST:  <=BE ParameterStatus(application_name = PostgreSQL JDBC Driver)
Jul 11, 2019 3:06:57 PM org.postgresql.core.v3.QueryExecutorImpl receiveCommandStatus
FINEST:  <=BE CommandStatus(SET)
Jul 11, 2019 3:06:57 PM org.postgresql.core.v3.QueryExecutorImpl receiveRFQ
FINEST:  <=BE ReadyForQuery(I)
Jul 11, 2019 3:06:57 PM org.postgresql.jdbc.PgConnection <init>
FINEST:     types using binary send = TIMESTAMPTZ,UUID,INT2_ARRAY,INT4_ARRAY,BYTEA,TEXT_ARRAY,TIMETZ,INT8,INT2,INT4,VARCHAR_ARRAY,INT8_ARRAY,POINT,TIMESTAMP,TIME,BOX,FLOAT4,FLOAT8,FLOAT4_ARRAY,FLOAT8_ARRAY
Jul 11, 2019 3:06:57 PM org.postgresql.jdbc.PgConnection <init>
FINEST:     types using binary receive = TIMESTAMPTZ,UUID,INT2_ARRAY,INT4_ARRAY,BYTEA,TEXT_ARRAY,TIMETZ,INT8,INT2,INT4,VARCHAR_ARRAY,INT8_ARRAY,POINT,DATE,TIMESTAMP,TIME,BOX,FLOAT4,FLOAT8,FLOAT4_ARRAY,FLOAT8_ARRAY
Jul 11, 2019 3:06:57 PM org.postgresql.jdbc.PgConnection <init>
FINEST:     integer date/time = true
Jul 11, 2019 3:06:57 PM org.postgresql.jdbc.PgConnection setAutoCommit
FINE:   setAutoCommit = false
Jul 11, 2019 3:06:57 PM org.postgresql.core.v3.QueryExecutorImpl execute
FINEST:   simple execute, handler=org.postgresql.jdbc.PgStatement$StatementResultHandler@7e6ef134, maxRows=0, fetchSize=0, flags=21
Jul 11, 2019 3:06:57 PM org.postgresql.core.v3.QueryExecutorImpl sendParse
FINEST:  FE=> Parse(stmt=null,query="",oids={})
Jul 11, 2019 3:06:57 PM org.postgresql.core.v3.QueryExecutorImpl sendBind
FINEST:  FE=> Bind(stmt=null,portal=null)
Jul 11, 2019 3:06:57 PM org.postgresql.core.v3.QueryExecutorImpl sendDescribePortal
FINEST:  FE=> Describe(portal=null)
Jul 11, 2019 3:06:57 PM org.postgresql.core.v3.QueryExecutorImpl sendExecute
FINEST:  FE=> Execute(portal=null,limit=1)
Jul 11, 2019 3:06:57 PM org.postgresql.core.v3.QueryExecutorImpl sendSync
FINEST:  FE=> Sync
Jul 11, 2019 3:06:57 PM org.postgresql.core.v3.QueryExecutorImpl processResults
FINEST:  <=BE ParseComplete [null]
Jul 11, 2019 3:06:57 PM org.postgresql.core.v3.QueryExecutorImpl processResults
FINEST:  <=BE BindComplete [unnamed]
Jul 11, 2019 3:06:57 PM org.postgresql.core.v3.QueryExecutorImpl processResults
FINEST:  <=BE NoData
Jul 11, 2019 3:06:57 PM org.postgresql.core.v3.QueryExecutorImpl processResults
FINEST:  <=BE EmptyQuery
Jul 11, 2019 3:06:57 PM org.postgresql.core.v3.QueryExecutorImpl receiveRFQ
FINEST:  <=BE ReadyForQuery(I)
Jul 11, 2019 3:06:57 PM org.postgresql.jdbc.PgConnection setAutoCommit
FINE:   setAutoCommit = true
Jul 11, 2019 3:06:57 PM org.postgresql.core.QueryExecutorBase close
FINEST:  FE=> Terminate
Jul 11, 2019 3:06:57 PM org.postgresql.Driver connect
FINE: Connecting with URL: jdbc:postgresql://localhost/postchain?loggerLevel=TRACE&loggerFile=db.log
Jul 11, 2019 3:06:57 PM org.postgresql.jdbc.PgConnection <init>
FINE: PostgreSQL JDBC Driver 42.1.4
Jul 11, 2019 3:06:57 PM org.postgresql.jdbc.PgConnection setDefaultFetchSize
FINE:   setDefaultFetchSize = 0
Jul 11, 2019 3:06:57 PM org.postgresql.jdbc.PgConnection setPrepareThreshold
FINE:   setPrepareThreshold = 5
Jul 11, 2019 3:06:57 PM org.postgresql.core.v3.ConnectionFactoryImpl openConnectionImpl
FINE: Trying to establish a protocol version 3 connection to localhost:5432
Jul 11, 2019 3:06:57 PM org.postgresql.core.Encoding <init>
FINEST: Creating new Encoding UTF-8 with fastASCIINumbers true
Jul 11, 2019 3:06:57 PM org.postgresql.core.v3.ConnectionFactoryImpl openConnectionImpl
FINE: Receive Buffer Size is 408,300
Jul 11, 2019 3:06:57 PM org.postgresql.core.v3.ConnectionFactoryImpl openConnectionImpl
FINE: Send Buffer Size is 146,988
Jul 11, 2019 3:06:57 PM org.postgresql.core.v3.ConnectionFactoryImpl sendStartupPacket
FINEST:  FE=> StartupPacket(user=postchain, database=postchain, client_encoding=UTF8, DateStyle=ISO, TimeZone=Europe/Amsterdam, extra_float_digits=2, search_path=test_app)
Jul 11, 2019 3:06:57 PM org.postgresql.core.v3.ConnectionFactoryImpl doAuthentication
FINEST:  <=BE AuthenticationOk
Jul 11, 2019 3:06:57 PM org.postgresql.core.v3.QueryExecutorImpl readStartupMessages
FINEST:  <=BE ParameterStatus(application_name = )
Jul 11, 2019 3:06:57 PM org.postgresql.core.v3.QueryExecutorImpl readStartupMessages
FINEST:  <=BE ParameterStatus(client_encoding = UTF8)
Jul 11, 2019 3:06:57 PM org.postgresql.core.v3.QueryExecutorImpl readStartupMessages
FINEST:  <=BE ParameterStatus(DateStyle = ISO, MDY)
Jul 11, 2019 3:06:57 PM org.postgresql.core.v3.QueryExecutorImpl readStartupMessages
FINEST:  <=BE ParameterStatus(integer_datetimes = on)
Jul 11, 2019 3:06:57 PM org.postgresql.core.v3.QueryExecutorImpl readStartupMessages
FINEST:  <=BE ParameterStatus(IntervalStyle = postgres)
Jul 11, 2019 3:06:57 PM org.postgresql.core.v3.QueryExecutorImpl readStartupMessages
FINEST:  <=BE ParameterStatus(is_superuser = off)
Jul 11, 2019 3:06:57 PM org.postgresql.core.v3.QueryExecutorImpl readStartupMessages
FINEST:  <=BE ParameterStatus(server_encoding = UTF8)
Jul 11, 2019 3:06:57 PM org.postgresql.core.v3.QueryExecutorImpl readStartupMessages
FINEST:  <=BE ParameterStatus(server_version = 11.4)
Jul 11, 2019 3:06:57 PM org.postgresql.core.v3.QueryExecutorImpl readStartupMessages
FINEST:  <=BE ParameterStatus(session_authorization = postchain)
Jul 11, 2019 3:06:57 PM org.postgresql.core.v3.QueryExecutorImpl readStartupMessages
FINEST:  <=BE ParameterStatus(standard_conforming_strings = on)
Jul 11, 2019 3:06:57 PM org.postgresql.core.v3.QueryExecutorImpl readStartupMessages
FINEST:  <=BE ParameterStatus(TimeZone = Europe/Amsterdam)
Jul 11, 2019 3:06:57 PM org.postgresql.core.v3.QueryExecutorImpl readStartupMessages
FINEST:  <=BE BackendKeyData(pid=20,158,ckey=-160,542,369)
Jul 11, 2019 3:06:57 PM org.postgresql.core.v3.QueryExecutorImpl receiveRFQ
FINEST:  <=BE ReadyForQuery(I)
Jul 11, 2019 3:06:57 PM org.postgresql.core.v3.QueryExecutorImpl execute
FINEST:   simple execute, handler=org.postgresql.core.SetupQueryRunner$SimpleResultHandler@63787180, maxRows=0, fetchSize=0, flags=1,047
Jul 11, 2019 3:06:57 PM org.postgresql.core.v3.QueryExecutorImpl sendParse
FINEST:  FE=> Parse(stmt=null,query="SET extra_float_digits = 3",oids={})
Jul 11, 2019 3:06:57 PM org.postgresql.core.v3.QueryExecutorImpl sendBind
FINEST:  FE=> Bind(stmt=null,portal=null)
Jul 11, 2019 3:06:57 PM org.postgresql.core.v3.QueryExecutorImpl sendExecute
FINEST:  FE=> Execute(portal=null,limit=1)
Jul 11, 2019 3:06:57 PM org.postgresql.core.v3.QueryExecutorImpl sendSync
FINEST:  FE=> Sync
Jul 11, 2019 3:06:57 PM org.postgresql.core.v3.QueryExecutorImpl processResults
FINEST:  <=BE ParseComplete [null]
Jul 11, 2019 3:06:57 PM org.postgresql.core.v3.QueryExecutorImpl processResults
FINEST:  <=BE BindComplete [unnamed]
Jul 11, 2019 3:06:57 PM org.postgresql.core.v3.QueryExecutorImpl receiveCommandStatus
FINEST:  <=BE CommandStatus(SET)
Jul 11, 2019 3:06:57 PM org.postgresql.core.v3.QueryExecutorImpl receiveRFQ
FINEST:  <=BE ReadyForQuery(I)
Jul 11, 2019 3:06:57 PM org.postgresql.core.v3.QueryExecutorImpl execute
FINEST:   simple execute, handler=org.postgresql.core.SetupQueryRunner$SimpleResultHandler@7d1cfb8b, maxRows=0, fetchSize=0, flags=1,047
Jul 11, 2019 3:06:57 PM org.postgresql.core.v3.QueryExecutorImpl sendParse
FINEST:  FE=> Parse(stmt=null,query="SET application_name = 'PostgreSQL JDBC Driver'",oids={})
Jul 11, 2019 3:06:57 PM org.postgresql.core.v3.QueryExecutorImpl sendBind
FINEST:  FE=> Bind(stmt=null,portal=null)
Jul 11, 2019 3:06:57 PM org.postgresql.core.v3.QueryExecutorImpl sendExecute
FINEST:  FE=> Execute(portal=null,limit=1)
Jul 11, 2019 3:06:57 PM org.postgresql.core.v3.QueryExecutorImpl sendSync
FINEST:  FE=> Sync
Jul 11, 2019 3:06:57 PM org.postgresql.core.v3.QueryExecutorImpl processResults
FINEST:  <=BE ParseComplete [null]
Jul 11, 2019 3:06:57 PM org.postgresql.core.v3.QueryExecutorImpl processResults
FINEST:  <=BE BindComplete [unnamed]
Jul 11, 2019 3:06:57 PM org.postgresql.core.v3.QueryExecutorImpl processResults
FINEST:  <=BE ParameterStatus(application_name = PostgreSQL JDBC Driver)
Jul 11, 2019 3:06:57 PM org.postgresql.core.v3.QueryExecutorImpl receiveCommandStatus
FINEST:  <=BE CommandStatus(SET)
Jul 11, 2019 3:06:57 PM org.postgresql.core.v3.QueryExecutorImpl receiveRFQ
FINEST:  <=BE ReadyForQuery(I)
Jul 11, 2019 3:06:57 PM org.postgresql.jdbc.PgConnection <init>
FINEST:     types using binary send = TIMESTAMPTZ,UUID,INT2_ARRAY,INT4_ARRAY,BYTEA,TEXT_ARRAY,TIMETZ,INT8,INT2,INT4,VARCHAR_ARRAY,INT8_ARRAY,POINT,TIMESTAMP,TIME,BOX,FLOAT4,FLOAT8,FLOAT4_ARRAY,FLOAT8_ARRAY
Jul 11, 2019 3:06:57 PM org.postgresql.jdbc.PgConnection <init>
FINEST:     types using binary receive = TIMESTAMPTZ,UUID,INT2_ARRAY,INT4_ARRAY,BYTEA,TEXT_ARRAY,TIMETZ,INT8,INT2,INT4,VARCHAR_ARRAY,INT8_ARRAY,POINT,DATE,TIMESTAMP,TIME,BOX,FLOAT4,FLOAT8,FLOAT4_ARRAY,FLOAT8_ARRAY
Jul 11, 2019 3:06:57 PM org.postgresql.jdbc.PgConnection <init>
FINEST:     integer date/time = true
Jul 11, 2019 3:06:57 PM org.postgresql.jdbc.PgConnection setAutoCommit
FINE:   setAutoCommit = false
Jul 11, 2019 3:06:57 PM org.postgresql.core.v3.QueryExecutorImpl execute
FINEST:   simple execute, handler=org.postgresql.jdbc.PgStatement$StatementResultHandler@386f0da3, maxRows=0, fetchSize=0, flags=21
Jul 11, 2019 3:06:57 PM org.postgresql.core.v3.QueryExecutorImpl sendParse
FINEST:  FE=> Parse(stmt=null,query="",oids={})
Jul 11, 2019 3:06:57 PM org.postgresql.core.v3.QueryExecutorImpl sendBind
FINEST:  FE=> Bind(stmt=null,portal=null)
Jul 11, 2019 3:06:57 PM org.postgresql.core.v3.QueryExecutorImpl sendDescribePortal
FINEST:  FE=> Describe(portal=null)
Jul 11, 2019 3:06:57 PM org.postgresql.core.v3.QueryExecutorImpl sendExecute
FINEST:  FE=> Execute(portal=null,limit=1)
Jul 11, 2019 3:06:57 PM org.postgresql.core.v3.QueryExecutorImpl sendSync
FINEST:  FE=> Sync
Jul 11, 2019 3:06:57 PM org.postgresql.core.v3.QueryExecutorImpl processResults
FINEST:  <=BE ParseComplete [null]
Jul 11, 2019 3:06:57 PM org.postgresql.core.v3.QueryExecutorImpl processResults
FINEST:  <=BE BindComplete [unnamed]
Jul 11, 2019 3:06:57 PM org.postgresql.core.v3.QueryExecutorImpl processResults
FINEST:  <=BE NoData
Jul 11, 2019 3:06:57 PM org.postgresql.core.v3.QueryExecutorImpl processResults
FINEST:  <=BE EmptyQuery
Jul 11, 2019 3:06:57 PM org.postgresql.core.v3.QueryExecutorImpl receiveRFQ
FINEST:  <=BE ReadyForQuery(I)
Jul 11, 2019 3:06:57 PM org.postgresql.core.v3.QueryExecutorImpl execute
FINEST:   simple execute, handler=org.postgresql.jdbc.PgStatement$StatementResultHandler@3549bca9, maxRows=0, fetchSize=0, flags=1
Jul 11, 2019 3:06:57 PM org.postgresql.core.v3.QueryExecutorImpl sendParse
FINEST:  FE=> Parse(stmt=null,query="BEGIN",oids={})
Jul 11, 2019 3:06:57 PM org.postgresql.core.v3.QueryExecutorImpl sendBind
FINEST:  FE=> Bind(stmt=null,portal=null)
Jul 11, 2019 3:06:57 PM org.postgresql.core.v3.QueryExecutorImpl sendExecute
FINEST:  FE=> Execute(portal=null,limit=0)
Jul 11, 2019 3:06:57 PM org.postgresql.core.v3.QueryExecutorImpl sendParse
FINEST:  FE=> Parse(stmt=null,query="select current_schema()",oids={})
Jul 11, 2019 3:06:57 PM org.postgresql.core.v3.QueryExecutorImpl sendBind
FINEST:  FE=> Bind(stmt=null,portal=null)
Jul 11, 2019 3:06:57 PM org.postgresql.core.v3.QueryExecutorImpl sendDescribePortal
FINEST:  FE=> Describe(portal=null)
Jul 11, 2019 3:06:57 PM org.postgresql.core.v3.QueryExecutorImpl sendExecute
FINEST:  FE=> Execute(portal=null,limit=0)
Jul 11, 2019 3:06:57 PM org.postgresql.core.v3.QueryExecutorImpl sendSync
FINEST:  FE=> Sync
Jul 11, 2019 3:06:57 PM org.postgresql.core.v3.QueryExecutorImpl processResults
FINEST:  <=BE ParseComplete [null]
Jul 11, 2019 3:06:57 PM org.postgresql.core.v3.QueryExecutorImpl processResults
FINEST:  <=BE BindComplete [unnamed]
Jul 11, 2019 3:06:57 PM org.postgresql.core.v3.QueryExecutorImpl receiveCommandStatus
FINEST:  <=BE CommandStatus(BEGIN)
Jul 11, 2019 3:06:57 PM org.postgresql.core.v3.QueryExecutorImpl processResults
FINEST:  <=BE ParseComplete [null]
Jul 11, 2019 3:06:57 PM org.postgresql.core.v3.QueryExecutorImpl processResults
FINEST:  <=BE BindComplete [unnamed]
Jul 11, 2019 3:06:57 PM org.postgresql.core.v3.QueryExecutorImpl receiveFields
FINEST:  <=BE RowDescription(1)
Jul 11, 2019 3:06:57 PM org.postgresql.core.v3.QueryExecutorImpl receiveFields
FINEST:         Field(current_schema,NAME,64,T)
Jul 11, 2019 3:06:57 PM org.postgresql.core.v3.QueryExecutorImpl processResults
FINEST:  <=BE DataRow(len=8)
Jul 11, 2019 3:06:57 PM org.postgresql.core.v3.QueryExecutorImpl receiveCommandStatus
FINEST:  <=BE CommandStatus(SELECT 1)
Jul 11, 2019 3:06:57 PM org.postgresql.core.v3.QueryExecutorImpl receiveRFQ
FINEST:  <=BE ReadyForQuery(T)
Jul 11, 2019 3:06:57 PM org.postgresql.jdbc.PgResultSet getString
FINEST:   getString columnIndex: 1
Jul 11, 2019 3:06:57 PM org.postgresql.core.v3.QueryExecutorImpl execute
FINEST:   simple execute, handler=org.postgresql.jdbc.PgStatement$StatementResultHandler@77d67cf3, maxRows=0, fetchSize=0, flags=1
Jul 11, 2019 3:06:57 PM org.postgresql.core.v3.QueryExecutorImpl sendParse
FINEST:  FE=> Parse(stmt=null,query="SELECT * FROM (SELECT n.nspname,c.relname,a.attname,a.atttypid,a.attnotnull OR (t.typtype = 'd' AND t.typnotnull) AS attnotnull,a.atttypmod,a.attlen,row_number() OVER (PARTITION BY a.attrelid ORDER BY a.attnum) AS attnum, nullif(a.attidentity, '') as attidentity,pg_catalog.pg_get_expr(def.adbin, def.adrelid) AS adsrc,dsc.description,t.typbasetype,t.typtype  FROM pg_catalog.pg_namespace n  JOIN pg_catalog.pg_class c ON (c.relnamespace = n.oid)  JOIN pg_catalog.pg_attribute a ON (a.attrelid=c.oid)  JOIN pg_catalog.pg_type t ON (a.atttypid = t.oid)  LEFT JOIN pg_catalog.pg_attrdef def ON (a.attrelid=def.adrelid AND a.attnum = def.adnum)  LEFT JOIN pg_catalog.pg_description dsc ON (c.oid=dsc.objoid AND a.attnum = dsc.objsubid)  LEFT JOIN pg_catalog.pg_class dc ON (dc.oid=dsc.classoid AND dc.relname='pg_class')  LEFT JOIN pg_catalog.pg_namespace dn ON (dc.relnamespace=dn.oid AND dn.nspname='pg_catalog')  WHERE c.relkind in ('r','p','v','f','m') and a.attnum > 0 AND NOT a.attisdropped  AND n.nspname LIKE 'test_app' AND c.relname LIKE 'c0.%') c WHERE true  ORDER BY nspname,c.relname,attnum ",oids={})
Jul 11, 2019 3:06:57 PM org.postgresql.core.v3.QueryExecutorImpl sendBind
FINEST:  FE=> Bind(stmt=null,portal=null)
Jul 11, 2019 3:06:57 PM org.postgresql.core.v3.QueryExecutorImpl sendDescribePortal
FINEST:  FE=> Describe(portal=null)
Jul 11, 2019 3:06:57 PM org.postgresql.core.v3.QueryExecutorImpl sendExecute
FINEST:  FE=> Execute(portal=null,limit=0)
Jul 11, 2019 3:06:57 PM org.postgresql.core.v3.QueryExecutorImpl sendSync
FINEST:  FE=> Sync
Jul 11, 2019 3:06:57 PM org.postgresql.core.v3.QueryExecutorImpl processResults
FINEST:  <=BE ParseComplete [null]
Jul 11, 2019 3:06:57 PM org.postgresql.core.v3.QueryExecutorImpl processResults
FINEST:  <=BE BindComplete [unnamed]
Jul 11, 2019 3:06:57 PM org.postgresql.core.v3.QueryExecutorImpl receiveFields
FINEST:  <=BE RowDescription(13)
Jul 11, 2019 3:06:57 PM org.postgresql.core.v3.QueryExecutorImpl receiveFields
FINEST:         Field(nspname,NAME,64,T)
Jul 11, 2019 3:06:57 PM org.postgresql.core.v3.QueryExecutorImpl receiveFields
FINEST:         Field(relname,NAME,64,T)
Jul 11, 2019 3:06:57 PM org.postgresql.core.v3.QueryExecutorImpl receiveFields
FINEST:         Field(attname,NAME,64,T)
Jul 11, 2019 3:06:57 PM org.postgresql.core.v3.QueryExecutorImpl receiveFields
FINEST:         Field(atttypid,OID,4,T)
Jul 11, 2019 3:06:57 PM org.postgresql.core.v3.QueryExecutorImpl receiveFields
FINEST:         Field(attnotnull,BOOL,1,T)
Jul 11, 2019 3:06:57 PM org.postgresql.core.v3.QueryExecutorImpl receiveFields
FINEST:         Field(atttypmod,INT4,4,T)
Jul 11, 2019 3:06:57 PM org.postgresql.core.v3.QueryExecutorImpl receiveFields
FINEST:         Field(attlen,INT2,2,T)
Jul 11, 2019 3:06:57 PM org.postgresql.core.v3.QueryExecutorImpl receiveFields
FINEST:         Field(attnum,INT8,8,T)
Jul 11, 2019 3:06:57 PM org.postgresql.core.v3.QueryExecutorImpl receiveFields
FINEST:         Field(attidentity,CHAR,1,T)
Jul 11, 2019 3:06:57 PM org.postgresql.core.v3.QueryExecutorImpl receiveFields
FINEST:         Field(adsrc,TEXT,65535,T)
Jul 11, 2019 3:06:57 PM org.postgresql.core.v3.QueryExecutorImpl receiveFields
FINEST:         Field(description,TEXT,65535,T)
Jul 11, 2019 3:06:57 PM org.postgresql.core.v3.QueryExecutorImpl receiveFields
FINEST:         Field(typbasetype,OID,4,T)
Jul 11, 2019 3:06:57 PM org.postgresql.core.v3.QueryExecutorImpl receiveFields
FINEST:         Field(typtype,CHAR,1,T)
Jul 11, 2019 3:06:57 PM org.postgresql.core.v3.QueryExecutorImpl processResults
FINEST:  <=BE DataRow(len=32)
Jul 11, 2019 3:06:57 PM org.postgresql.core.v3.QueryExecutorImpl processResults
FINEST:  <=BE DataRow(len=30)
Jul 11, 2019 3:06:57 PM org.postgresql.core.v3.QueryExecutorImpl processResults
FINEST:  <=BE DataRow(len=48)
Jul 11, 2019 3:06:57 PM org.postgresql.core.v3.QueryExecutorImpl processResults
FINEST:  <=BE DataRow(len=57)
Jul 11, 2019 3:06:57 PM org.postgresql.core.v3.QueryExecutorImpl processResults
FINEST:  <=BE DataRow(len=52)
Jul 11, 2019 3:06:57 PM org.postgresql.core.v3.QueryExecutorImpl processResults
FINEST:  <=BE DataRow(len=48)
Jul 11, 2019 3:06:57 PM org.postgresql.core.v3.QueryExecutorImpl processResults
FINEST:  <=BE DataRow(len=50)
Jul 11, 2019 3:06:57 PM org.postgresql.core.v3.QueryExecutorImpl processResults
FINEST:  <=BE DataRow(len=37)
Jul 11, 2019 3:06:57 PM org.postgresql.core.v3.QueryExecutorImpl processResults
FINEST:  <=BE DataRow(len=41)
Jul 11, 2019 3:06:57 PM org.postgresql.core.v3.QueryExecutorImpl processResults
FINEST:  <=BE DataRow(len=38)
Jul 11, 2019 3:06:57 PM org.postgresql.core.v3.QueryExecutorImpl processResults
FINEST:  <=BE DataRow(len=39)
Jul 11, 2019 3:06:57 PM org.postgresql.core.v3.QueryExecutorImpl processResults
FINEST:  <=BE DataRow(len=30)
Jul 11, 2019 3:06:57 PM org.postgresql.core.v3.QueryExecutorImpl processResults
FINEST:  <=BE DataRow(len=28)
Jul 11, 2019 3:06:57 PM org.postgresql.core.v3.QueryExecutorImpl processResults
FINEST:  <=BE DataRow(len=43)
Jul 11, 2019 3:06:57 PM org.postgresql.core.v3.QueryExecutorImpl processResults
FINEST:  <=BE DataRow(len=30)
Jul 11, 2019 3:06:57 PM org.postgresql.core.v3.QueryExecutorImpl processResults
FINEST:  <=BE DataRow(len=32)
Jul 11, 2019 3:06:57 PM org.postgresql.core.v3.QueryExecutorImpl processResults
FINEST:  <=BE DataRow(len=33)
Jul 11, 2019 3:06:57 PM org.postgresql.core.v3.QueryExecutorImpl processResults
FINEST:  <=BE DataRow(len=34)
Jul 11, 2019 3:06:57 PM org.postgresql.core.v3.QueryExecutorImpl processResults
FINEST:  <=BE DataRow(len=32)
Jul 11, 2019 3:06:57 PM org.postgresql.core.v3.QueryExecutorImpl processResults
FINEST:  <=BE DataRow(len=46)
Jul 11, 2019 3:06:57 PM org.postgresql.core.v3.QueryExecutorImpl processResults
FINEST:  <=BE DataRow(len=52)
Jul 11, 2019 3:06:57 PM org.postgresql.core.v3.QueryExecutorImpl processResults
FINEST:  <=BE DataRow(len=46)
Jul 11, 2019 3:06:57 PM org.postgresql.core.v3.QueryExecutorImpl processResults
FINEST:  <=BE DataRow(len=49)
Jul 11, 2019 3:06:57 PM org.postgresql.core.v3.QueryExecutorImpl processResults
FINEST:  <=BE DataRow(len=49)
Jul 11, 2019 3:06:57 PM org.postgresql.core.v3.QueryExecutorImpl processResults
FINEST:  <=BE DataRow(len=52)
Jul 11, 2019 3:06:57 PM org.postgresql.core.v3.QueryExecutorImpl processResults
FINEST:  <=BE DataRow(len=48)
Jul 11, 2019 3:06:57 PM org.postgresql.core.v3.QueryExecutorImpl processResults
FINEST:  <=BE DataRow(len=46)
Jul 11, 2019 3:06:57 PM org.postgresql.core.v3.QueryExecutorImpl processResults
FINEST:  <=BE DataRow(len=39)
Jul 11, 2019 3:06:57 PM org.postgresql.core.v3.QueryExecutorImpl processResults
FINEST:  <=BE DataRow(len=42)
Jul 11, 2019 3:06:57 PM org.postgresql.core.v3.QueryExecutorImpl processResults
FINEST:  <=BE DataRow(len=39)
Jul 11, 2019 3:06:57 PM org.postgresql.core.v3.QueryExecutorImpl processResults
FINEST:  <=BE DataRow(len=39)
Jul 11, 2019 3:06:57 PM org.postgresql.core.v3.QueryExecutorImpl processResults
FINEST:  <=BE DataRow(len=33)
Jul 11, 2019 3:06:57 PM org.postgresql.core.v3.QueryExecutorImpl processResults
FINEST:  <=BE DataRow(len=36)
Jul 11, 2019 3:06:57 PM org.postgresql.core.v3.QueryExecutorImpl processResults
FINEST:  <=BE DataRow(len=36)
Jul 11, 2019 3:06:57 PM org.postgresql.core.v3.QueryExecutorImpl processResults
FINEST:  <=BE DataRow(len=34)
Jul 11, 2019 3:06:57 PM org.postgresql.core.v3.QueryExecutorImpl receiveCommandStatus
FINEST:  <=BE CommandStatus(SELECT 35)
Jul 11, 2019 3:06:57 PM org.postgresql.core.v3.QueryExecutorImpl receiveRFQ
FINEST:  <=BE ReadyForQuery(T)
Jul 11, 2019 3:06:57 PM org.postgresql.jdbc.PgResultSet getLong
FINEST:   getLong columnIndex: 4
Jul 11, 2019 3:06:57 PM org.postgresql.jdbc.PgResultSet getInt
FINEST:   getInt columnIndex: 6
Jul 11, 2019 3:06:57 PM org.postgresql.jdbc.PgResultSet getBytes
FINEST:   getBytes columnIndex: 1
Jul 11, 2019 3:06:57 PM org.postgresql.jdbc.PgResultSet getBytes
FINEST:   getBytes columnIndex: 2
Jul 11, 2019 3:06:57 PM org.postgresql.jdbc.PgResultSet getBytes
FINEST:   getBytes columnIndex: 3
Jul 11, 2019 3:06:57 PM org.postgresql.jdbc.PgResultSet getString
FINEST:   getString columnIndex: 13
Jul 11, 2019 3:06:57 PM org.postgresql.jdbc.PgResultSet getString
FINEST:   getString columnIndex: 10
Jul 11, 2019 3:06:57 PM org.postgresql.jdbc.PgResultSet getString
FINEST:   getString columnIndex: 9
Jul 11, 2019 3:06:57 PM org.postgresql.jdbc.PgResultSet getBoolean
FINEST:   getBoolean columnIndex: 5
Jul 11, 2019 3:06:57 PM org.postgresql.jdbc.PgResultSet getBytes
FINEST:   getBytes columnIndex: 11
Jul 11, 2019 3:06:57 PM org.postgresql.jdbc.PgResultSet getBytes
FINEST:   getBytes columnIndex: 10
Jul 11, 2019 3:06:57 PM org.postgresql.jdbc.PgResultSet getInt
FINEST:   getInt columnIndex: 8
Jul 11, 2019 3:06:57 PM org.postgresql.jdbc.PgResultSet getBoolean
FINEST:   getBoolean columnIndex: 5
Jul 11, 2019 3:06:57 PM org.postgresql.jdbc.PgResultSet getLong
FINEST:   getLong columnIndex: 12
Jul 11, 2019 3:06:57 PM org.postgresql.jdbc.PgResultSet getLong
FINEST:   getLong columnIndex: 4
Jul 11, 2019 3:06:57 PM org.postgresql.jdbc.PgResultSet getInt
FINEST:   getInt columnIndex: 6
Jul 11, 2019 3:06:57 PM org.postgresql.jdbc.PgResultSet getBytes
FINEST:   getBytes columnIndex: 1
Jul 11, 2019 3:06:57 PM org.postgresql.jdbc.PgResultSet getBytes
FINEST:   getBytes columnIndex: 2
Jul 11, 2019 3:06:57 PM org.postgresql.jdbc.PgResultSet getBytes
FINEST:   getBytes columnIndex: 3
Jul 11, 2019 3:06:57 PM org.postgresql.jdbc.PgResultSet getString
FINEST:   getString columnIndex: 13
Jul 11, 2019 3:06:57 PM org.postgresql.jdbc.PgResultSet getString
FINEST:   getString columnIndex: 10
Jul 11, 2019 3:06:57 PM org.postgresql.jdbc.PgResultSet getString
FINEST:   getString columnIndex: 9
Jul 11, 2019 3:06:57 PM org.postgresql.jdbc.PgResultSet getBoolean
FINEST:   getBoolean columnIndex: 5
Jul 11, 2019 3:06:57 PM org.postgresql.jdbc.PgResultSet getBytes
FINEST:   getBytes columnIndex: 11
Jul 11, 2019 3:06:57 PM org.postgresql.jdbc.PgResultSet getBytes
FINEST:   getBytes columnIndex: 10
Jul 11, 2019 3:06:57 PM org.postgresql.jdbc.PgResultSet getInt
FINEST:   getInt columnIndex: 8
Jul 11, 2019 3:06:57 PM org.postgresql.jdbc.PgResultSet getBoolean
FINEST:   getBoolean columnIndex: 5
Jul 11, 2019 3:06:57 PM org.postgresql.jdbc.PgResultSet getLong
FINEST:   getLong columnIndex: 12
Jul 11, 2019 3:06:57 PM org.postgresql.jdbc.PgResultSet getLong
FINEST:   getLong columnIndex: 4
Jul 11, 2019 3:06:57 PM org.postgresql.jdbc.PgResultSet getInt
FINEST:   getInt columnIndex: 6
Jul 11, 2019 3:06:57 PM org.postgresql.jdbc.PgResultSet getBytes
FINEST:   getBytes columnIndex: 1
Jul 11, 2019 3:06:57 PM org.postgresql.jdbc.PgResultSet getBytes
FINEST:   getBytes columnIndex: 2
Jul 11, 2019 3:06:57 PM org.postgresql.jdbc.PgResultSet getBytes
FINEST:   getBytes columnIndex: 3
Jul 11, 2019 3:06:57 PM org.postgresql.jdbc.PgResultSet getString
FINEST:   getString columnIndex: 13
Jul 11, 2019 3:06:57 PM org.postgresql.jdbc.PgResultSet getString
FINEST:   getString columnIndex: 10
Jul 11, 2019 3:06:57 PM org.postgresql.jdbc.PgResultSet getString
FINEST:   getString columnIndex: 9
Jul 11, 2019 3:06:57 PM org.postgresql.jdbc.PgResultSet getBoolean
FINEST:   getBoolean columnIndex: 5
Jul 11, 2019 3:06:57 PM org.postgresql.jdbc.PgResultSet getBytes
FINEST:   getBytes columnIndex: 11
Jul 11, 2019 3:06:57 PM org.postgresql.jdbc.PgResultSet getBytes
FINEST:   getBytes columnIndex: 10
Jul 11, 2019 3:06:57 PM org.postgresql.jdbc.PgResultSet getInt
FINEST:   getInt columnIndex: 8
Jul 11, 2019 3:06:57 PM org.postgresql.jdbc.PgResultSet getBoolean
FINEST:   getBoolean columnIndex: 5
Jul 11, 2019 3:06:57 PM org.postgresql.jdbc.PgResultSet getLong
FINEST:   getLong columnIndex: 12
Jul 11, 2019 3:06:57 PM org.postgresql.jdbc.PgResultSet getLong
FINEST:   getLong columnIndex: 4
Jul 11, 2019 3:06:57 PM org.postgresql.jdbc.PgResultSet getInt
FINEST:   getInt columnIndex: 6
Jul 11, 2019 3:06:57 PM org.postgresql.jdbc.PgResultSet getBytes
FINEST:   getBytes columnIndex: 1
Jul 11, 2019 3:06:57 PM org.postgresql.jdbc.PgResultSet getBytes
FINEST:   getBytes columnIndex: 2
Jul 11, 2019 3:06:57 PM org.postgresql.jdbc.PgResultSet getBytes
FINEST:   getBytes columnIndex: 3
Jul 11, 2019 3:06:57 PM org.postgresql.jdbc.PgResultSet getString
FINEST:   getString columnIndex: 13
Jul 11, 2019 3:06:57 PM org.postgresql.jdbc.PgResultSet getString
FINEST:   getString columnIndex: 10
Jul 11, 2019 3:06:57 PM org.postgresql.jdbc.PgResultSet getString
FINEST:   getString columnIndex: 9
Jul 11, 2019 3:06:57 PM org.postgresql.jdbc.PgResultSet getBoolean
FINEST:   getBoolean columnIndex: 5
Jul 11, 2019 3:06:57 PM org.postgresql.jdbc.PgResultSet getBytes
FINEST:   getBytes columnIndex: 11
Jul 11, 2019 3:06:57 PM org.postgresql.jdbc.PgResultSet getBytes
FINEST:   getBytes columnIndex: 10
Jul 11, 2019 3:06:57 PM org.postgresql.jdbc.PgResultSet getInt
FINEST:   getInt columnIndex: 8
Jul 11, 2019 3:06:57 PM org.postgresql.jdbc.PgResultSet getBoolean
FINEST:   getBoolean columnIndex: 5
Jul 11, 2019 3:06:57 PM org.postgresql.jdbc.PgResultSet getLong
FINEST:   getLong columnIndex: 12
Jul 11, 2019 3:06:57 PM org.postgresql.jdbc.PgResultSet getLong
FINEST:   getLong columnIndex: 4
Jul 11, 2019 3:06:57 PM org.postgresql.jdbc.PgResultSet getInt
FINEST:   getInt columnIndex: 6
Jul 11, 2019 3:06:57 PM org.postgresql.jdbc.PgResultSet getBytes
FINEST:   getBytes columnIndex: 1
Jul 11, 2019 3:06:57 PM org.postgresql.jdbc.PgResultSet getBytes
FINEST:   getBytes columnIndex: 2
Jul 11, 2019 3:06:57 PM org.postgresql.jdbc.PgResultSet getBytes
FINEST:   getBytes columnIndex: 3
Jul 11, 2019 3:06:57 PM org.postgresql.jdbc.PgResultSet getString
FINEST:   getString columnIndex: 13
Jul 11, 2019 3:06:57 PM org.postgresql.jdbc.PgResultSet getString
FINEST:   getString columnIndex: 10
Jul 11, 2019 3:06:57 PM org.postgresql.jdbc.PgResultSet getString
FINEST:   getString columnIndex: 9
Jul 11, 2019 3:06:57 PM org.postgresql.jdbc.PgResultSet getBoolean
FINEST:   getBoolean columnIndex: 5
Jul 11, 2019 3:06:57 PM org.postgresql.jdbc.PgResultSet getBytes
FINEST:   getBytes columnIndex: 11
Jul 11, 2019 3:06:57 PM org.postgresql.jdbc.PgResultSet getBytes
FINEST:   getBytes columnIndex: 10
Jul 11, 2019 3:06:57 PM org.postgresql.jdbc.PgResultSet getInt
FINEST:   getInt columnIndex: 8
Jul 11, 2019 3:06:57 PM org.postgresql.jdbc.PgResultSet getBoolean
FINEST:   getBoolean columnIndex: 5
Jul 11, 2019 3:06:57 PM org.postgresql.jdbc.PgResultSet getLong
FINEST:   getLong columnIndex: 12
Jul 11, 2019 3:06:57 PM org.postgresql.jdbc.PgResultSet getLong
FINEST:   getLong columnIndex: 4
Jul 11, 2019 3:06:57 PM org.postgresql.jdbc.PgResultSet getInt
FINEST:   getInt columnIndex: 6
Jul 11, 2019 3:06:57 PM org.postgresql.jdbc.PgResultSet getBytes
FINEST:   getBytes columnIndex: 1
Jul 11, 2019 3:06:57 PM org.postgresql.jdbc.PgResultSet getBytes
FINEST:   getBytes columnIndex: 2
Jul 11, 2019 3:06:57 PM org.postgresql.jdbc.PgResultSet getBytes
FINEST:   getBytes columnIndex: 3
Jul 11, 2019 3:06:57 PM org.postgresql.jdbc.PgResultSet getString
FINEST:   getString columnIndex: 13
Jul 11, 2019 3:06:57 PM org.postgresql.jdbc.PgResultSet getString
FINEST:   getString columnIndex: 10
Jul 11, 2019 3:06:57 PM org.postgresql.jdbc.PgResultSet getString
FINEST:   getString columnIndex: 9
Jul 11, 2019 3:06:57 PM org.postgresql.jdbc.PgResultSet getBoolean
FINEST:   getBoolean columnIndex: 5
Jul 11, 2019 3:06:57 PM org.postgresql.jdbc.PgResultSet getBytes
FINEST:   getBytes columnIndex: 11
Jul 11, 2019 3:06:57 PM org.postgresql.jdbc.PgResultSet getBytes
FINEST:   getBytes columnIndex: 10
Jul 11, 2019 3:06:57 PM org.postgresql.jdbc.PgResultSet getInt
FINEST:   getInt columnIndex: 8
Jul 11, 2019 3:06:57 PM org.postgresql.jdbc.PgResultSet getBoolean
FINEST:   getBoolean columnIndex: 5
Jul 11, 2019 3:06:57 PM org.postgresql.jdbc.PgResultSet getLong
FINEST:   getLong columnIndex: 12
Jul 11, 2019 3:06:57 PM org.postgresql.jdbc.PgResultSet getLong
FINEST:   getLong columnIndex: 4
Jul 11, 2019 3:06:57 PM org.postgresql.jdbc.PgResultSet getInt
FINEST:   getInt columnIndex: 6
Jul 11, 2019 3:06:57 PM org.postgresql.jdbc.PgResultSet getBytes
FINEST:   getBytes columnIndex: 1
Jul 11, 2019 3:06:57 PM org.postgresql.jdbc.PgResultSet getBytes
FINEST:   getBytes columnIndex: 2
Jul 11, 2019 3:06:57 PM org.postgresql.jdbc.PgResultSet getBytes
FINEST:   getBytes columnIndex: 3
Jul 11, 2019 3:06:57 PM org.postgresql.jdbc.PgResultSet getString
FINEST:   getString columnIndex: 13
Jul 11, 2019 3:06:57 PM org.postgresql.jdbc.PgResultSet getString
FINEST:   getString columnIndex: 10
Jul 11, 2019 3:06:57 PM org.postgresql.jdbc.PgResultSet getString
FINEST:   getString columnIndex: 9
Jul 11, 2019 3:06:57 PM org.postgresql.jdbc.PgResultSet getBoolean
FINEST:   getBoolean columnIndex: 5
Jul 11, 2019 3:06:57 PM org.postgresql.jdbc.PgResultSet getBytes
FINEST:   getBytes columnIndex: 11
Jul 11, 2019 3:06:57 PM org.postgresql.jdbc.PgResultSet getBytes
FINEST:   getBytes columnIndex: 10
Jul 11, 2019 3:06:57 PM org.postgresql.jdbc.PgResultSet getInt
FINEST:   getInt columnIndex: 8
Jul 11, 2019 3:06:57 PM org.postgresql.jdbc.PgResultSet getBoolean
FINEST:   getBoolean columnIndex: 5
Jul 11, 2019 3:06:57 PM org.postgresql.jdbc.PgResultSet getLong
FINEST:   getLong columnIndex: 12
Jul 11, 2019 3:06:57 PM org.postgresql.jdbc.PgResultSet getLong
FINEST:   getLong columnIndex: 4
Jul 11, 2019 3:06:57 PM org.postgresql.jdbc.PgResultSet getInt
FINEST:   getInt columnIndex: 6
Jul 11, 2019 3:06:57 PM org.postgresql.jdbc.PgResultSet getBytes
FINEST:   getBytes columnIndex: 1
Jul 11, 2019 3:06:57 PM org.postgresql.jdbc.PgResultSet getBytes
FINEST:   getBytes columnIndex: 2
Jul 11, 2019 3:06:57 PM org.postgresql.jdbc.PgResultSet getBytes
FINEST:   getBytes columnIndex: 3
Jul 11, 2019 3:06:57 PM org.postgresql.jdbc.PgResultSet getString
FINEST:   getString columnIndex: 13
Jul 11, 2019 3:06:57 PM org.postgresql.jdbc.PgResultSet getString
FINEST:   getString columnIndex: 10
Jul 11, 2019 3:06:57 PM org.postgresql.jdbc.PgResultSet getString
FINEST:   getString columnIndex: 9
Jul 11, 2019 3:06:57 PM org.postgresql.jdbc.PgResultSet getBoolean
FINEST:   getBoolean columnIndex: 5
Jul 11, 2019 3:06:57 PM org.postgresql.jdbc.PgResultSet getBytes
FINEST:   getBytes columnIndex: 11
Jul 11, 2019 3:06:57 PM org.postgresql.jdbc.PgResultSet getBytes
FINEST:   getBytes columnIndex: 10
Jul 11, 2019 3:06:57 PM org.postgresql.jdbc.PgResultSet getInt
FINEST:   getInt columnIndex: 8
Jul 11, 2019 3:06:57 PM org.postgresql.jdbc.PgResultSet getBoolean
FINEST:   getBoolean columnIndex: 5
Jul 11, 2019 3:06:57 PM org.postgresql.jdbc.PgResultSet getLong
FINEST:   getLong columnIndex: 12
Jul 11, 2019 3:06:57 PM org.postgresql.jdbc.PgResultSet getLong
FINEST:   getLong columnIndex: 4
Jul 11, 2019 3:06:57 PM org.postgresql.jdbc.PgResultSet getInt
FINEST:   getInt columnIndex: 6
Jul 11, 2019 3:06:57 PM org.postgresql.jdbc.PgResultSet getBytes
FINEST:   getBytes columnIndex: 1
Jul 11, 2019 3:06:57 PM org.postgresql.jdbc.PgResultSet getBytes
FINEST:   getBytes columnIndex: 2
Jul 11, 2019 3:06:57 PM org.postgresql.jdbc.PgResultSet getBytes
FINEST:   getBytes columnIndex: 3
Jul 11, 2019 3:06:57 PM org.postgresql.jdbc.PgResultSet getString
FINEST:   getString columnIndex: 13
Jul 11, 2019 3:06:57 PM org.postgresql.jdbc.PgResultSet getString
FINEST:   getString columnIndex: 10
Jul 11, 2019 3:06:57 PM org.postgresql.jdbc.PgResultSet getString
FINEST:   getString columnIndex: 9
Jul 11, 2019 3:06:57 PM org.postgresql.jdbc.PgResultSet getBoolean
FINEST:   getBoolean columnIndex: 5
Jul 11, 2019 3:06:57 PM org.postgresql.jdbc.PgResultSet getBytes
FINEST:   getBytes columnIndex: 11
Jul 11, 2019 3:06:57 PM org.postgresql.jdbc.PgResultSet getBytes
FINEST:   getBytes columnIndex: 10
Jul 11, 2019 3:06:57 PM org.postgresql.jdbc.PgResultSet getInt
FINEST:   getInt columnIndex: 8
Jul 11, 2019 3:06:57 PM org.postgresql.jdbc.PgResultSet getBoolean
FINEST:   getBoolean columnIndex: 5
Jul 11, 2019 3:06:57 PM org.postgresql.jdbc.PgResultSet getLong
FINEST:   getLong columnIndex: 12
Jul 11, 2019 3:06:57 PM org.postgresql.jdbc.PgResultSet getLong
FINEST:   getLong columnIndex: 4
Jul 11, 2019 3:06:57 PM org.postgresql.jdbc.PgResultSet getInt
FINEST:   getInt columnIndex: 6
Jul 11, 2019 3:06:57 PM org.postgresql.jdbc.PgResultSet getBytes
FINEST:   getBytes columnIndex: 1
Jul 11, 2019 3:06:57 PM org.postgresql.jdbc.PgResultSet getBytes
FINEST:   getBytes columnIndex: 2
Jul 11, 2019 3:06:57 PM org.postgresql.jdbc.PgResultSet getBytes
FINEST:   getBytes columnIndex: 3
Jul 11, 2019 3:06:57 PM org.postgresql.jdbc.PgResultSet getString
FINEST:   getString columnIndex: 13
Jul 11, 2019 3:06:57 PM org.postgresql.jdbc.PgResultSet getString
FINEST:   getString columnIndex: 10
Jul 11, 2019 3:06:57 PM org.postgresql.jdbc.PgResultSet getString
FINEST:   getString columnIndex: 9
Jul 11, 2019 3:06:57 PM org.postgresql.jdbc.PgResultSet getBoolean
FINEST:   getBoolean columnIndex: 5
Jul 11, 2019 3:06:57 PM org.postgresql.jdbc.PgResultSet getBytes
FINEST:   getBytes columnIndex: 11
Jul 11, 2019 3:06:57 PM org.postgresql.jdbc.PgResultSet getBytes
FINEST:   getBytes columnIndex: 10
Jul 11, 2019 3:06:57 PM org.postgresql.jdbc.PgResultSet getInt
FINEST:   getInt columnIndex: 8
Jul 11, 2019 3:06:57 PM org.postgresql.jdbc.PgResultSet getBoolean
FINEST:   getBoolean columnIndex: 5
Jul 11, 2019 3:06:57 PM org.postgresql.jdbc.PgResultSet getLong
FINEST:   getLong columnIndex: 12
Jul 11, 2019 3:06:57 PM org.postgresql.jdbc.PgResultSet getLong
FINEST:   getLong columnIndex: 4
Jul 11, 2019 3:06:57 PM org.postgresql.jdbc.PgResultSet getInt
FINEST:   getInt columnIndex: 6
Jul 11, 2019 3:06:57 PM org.postgresql.jdbc.PgResultSet getBytes
FINEST:   getBytes columnIndex: 1
Jul 11, 2019 3:06:57 PM org.postgresql.jdbc.PgResultSet getBytes
FINEST:   getBytes columnIndex: 2
Jul 11, 2019 3:06:57 PM org.postgresql.jdbc.PgResultSet getBytes
FINEST:   getBytes columnIndex: 3
Jul 11, 2019 3:06:57 PM org.postgresql.jdbc.PgResultSet getString
FINEST:   getString columnIndex: 13
Jul 11, 2019 3:06:57 PM org.postgresql.jdbc.PgResultSet getString
FINEST:   getString columnIndex: 10
Jul 11, 2019 3:06:57 PM org.postgresql.jdbc.PgResultSet getString
FINEST:   getString columnIndex: 9
Jul 11, 2019 3:06:57 PM org.postgresql.jdbc.PgResultSet getBoolean
FINEST:   getBoolean columnIndex: 5
Jul 11, 2019 3:06:57 PM org.postgresql.jdbc.PgResultSet getBytes
FINEST:   getBytes columnIndex: 11
Jul 11, 2019 3:06:57 PM org.postgresql.jdbc.PgResultSet getBytes
FINEST:   getBytes columnIndex: 10
Jul 11, 2019 3:06:57 PM org.postgresql.jdbc.PgResultSet getInt
FINEST:   getInt columnIndex: 8
Jul 11, 2019 3:06:57 PM org.postgresql.jdbc.PgResultSet getBoolean
FINEST:   getBoolean columnIndex: 5
Jul 11, 2019 3:06:57 PM org.postgresql.jdbc.PgResultSet getLong
FINEST:   getLong columnIndex: 12
Jul 11, 2019 3:06:57 PM org.postgresql.jdbc.PgResultSet getLong
FINEST:   getLong columnIndex: 4
Jul 11, 2019 3:06:57 PM org.postgresql.jdbc.PgResultSet getInt
FINEST:   getInt columnIndex: 6
Jul 11, 2019 3:06:57 PM org.postgresql.jdbc.PgResultSet getBytes
FINEST:   getBytes columnIndex: 1
Jul 11, 2019 3:06:57 PM org.postgresql.jdbc.PgResultSet getBytes
FINEST:   getBytes columnIndex: 2
Jul 11, 2019 3:06:57 PM org.postgresql.jdbc.PgResultSet getBytes
FINEST:   getBytes columnIndex: 3
Jul 11, 2019 3:06:57 PM org.postgresql.jdbc.PgResultSet getString
FINEST:   getString columnIndex: 13
Jul 11, 2019 3:06:57 PM org.postgresql.jdbc.PgResultSet getString
FINEST:   getString columnIndex: 10
Jul 11, 2019 3:06:57 PM org.postgresql.jdbc.PgResultSet getString
FINEST:   getString columnIndex: 9
Jul 11, 2019 3:06:57 PM org.postgresql.jdbc.PgResultSet getBoolean
FINEST:   getBoolean columnIndex: 5
Jul 11, 2019 3:06:57 PM org.postgresql.jdbc.PgResultSet getBytes
FINEST:   getBytes columnIndex: 11
Jul 11, 2019 3:06:57 PM org.postgresql.jdbc.PgResultSet getBytes
FINEST:   getBytes columnIndex: 10
Jul 11, 2019 3:06:57 PM org.postgresql.jdbc.PgResultSet getInt
FINEST:   getInt columnIndex: 8
Jul 11, 2019 3:06:57 PM org.postgresql.jdbc.PgResultSet getBoolean
FINEST:   getBoolean columnIndex: 5
Jul 11, 2019 3:06:57 PM org.postgresql.jdbc.PgResultSet getLong
FINEST:   getLong columnIndex: 12
Jul 11, 2019 3:06:57 PM org.postgresql.jdbc.PgResultSet getLong
FINEST:   getLong columnIndex: 4
Jul 11, 2019 3:06:57 PM org.postgresql.jdbc.PgResultSet getInt
FINEST:   getInt columnIndex: 6
Jul 11, 2019 3:06:57 PM org.postgresql.jdbc.PgResultSet getBytes
FINEST:   getBytes columnIndex: 1
Jul 11, 2019 3:06:57 PM org.postgresql.jdbc.PgResultSet getBytes
FINEST:   getBytes columnIndex: 2
Jul 11, 2019 3:06:57 PM org.postgresql.jdbc.PgResultSet getBytes
FINEST:   getBytes columnIndex: 3
Jul 11, 2019 3:06:57 PM org.postgresql.jdbc.PgResultSet getString
FINEST:   getString columnIndex: 13
Jul 11, 2019 3:06:57 PM org.postgresql.jdbc.PgResultSet getString
FINEST:   getString columnIndex: 10
Jul 11, 2019 3:06:57 PM org.postgresql.jdbc.PgResultSet getString
FINEST:   getString columnIndex: 9
Jul 11, 2019 3:06:57 PM org.postgresql.jdbc.PgResultSet getBoolean
FINEST:   getBoolean columnIndex: 5
Jul 11, 2019 3:06:57 PM org.postgresql.jdbc.PgResultSet getBytes
FINEST:   getBytes columnIndex: 11
Jul 11, 2019 3:06:57 PM org.postgresql.jdbc.PgResultSet getBytes
FINEST:   getBytes columnIndex: 10
Jul 11, 2019 3:06:57 PM org.postgresql.jdbc.PgResultSet getInt
FINEST:   getInt columnIndex: 8
Jul 11, 2019 3:06:57 PM org.postgresql.jdbc.PgResultSet getBoolean
FINEST:   getBoolean columnIndex: 5
Jul 11, 2019 3:06:57 PM org.postgresql.jdbc.PgResultSet getLong
FINEST:   getLong columnIndex: 12
Jul 11, 2019 3:06:57 PM org.postgresql.jdbc.PgResultSet getLong
FINEST:   getLong columnIndex: 4
Jul 11, 2019 3:06:57 PM org.postgresql.jdbc.PgResultSet getInt
FINEST:   getInt columnIndex: 6
Jul 11, 2019 3:06:57 PM org.postgresql.jdbc.PgResultSet getBytes
FINEST:   getBytes columnIndex: 1
Jul 11, 2019 3:06:57 PM org.postgresql.jdbc.PgResultSet getBytes
FINEST:   getBytes columnIndex: 2
Jul 11, 2019 3:06:57 PM org.postgresql.jdbc.PgResultSet getBytes
FINEST:   getBytes columnIndex: 3
Jul 11, 2019 3:06:57 PM org.postgresql.jdbc.PgResultSet getString
FINEST:   getString columnIndex: 13
Jul 11, 2019 3:06:57 PM org.postgresql.jdbc.PgResultSet getString
FINEST:   getString columnIndex: 10
Jul 11, 2019 3:06:57 PM org.postgresql.jdbc.PgResultSet getString
FINEST:   getString columnIndex: 9
Jul 11, 2019 3:06:57 PM org.postgresql.jdbc.PgResultSet getBoolean
FINEST:   getBoolean columnIndex: 5
Jul 11, 2019 3:06:57 PM org.postgresql.jdbc.PgResultSet getBytes
FINEST:   getBytes columnIndex: 11
Jul 11, 2019 3:06:57 PM org.postgresql.jdbc.PgResultSet getBytes
FINEST:   getBytes columnIndex: 10
Jul 11, 2019 3:06:57 PM org.postgresql.jdbc.PgResultSet getInt
FINEST:   getInt columnIndex: 8
Jul 11, 2019 3:06:57 PM org.postgresql.jdbc.PgResultSet getBoolean
FINEST:   getBoolean columnIndex: 5
Jul 11, 2019 3:06:57 PM org.postgresql.jdbc.PgResultSet getLong
FINEST:   getLong columnIndex: 12
Jul 11, 2019 3:06:57 PM org.postgresql.jdbc.PgResultSet getLong
FINEST:   getLong columnIndex: 4
Jul 11, 2019 3:06:57 PM org.postgresql.jdbc.PgResultSet getInt
FINEST:   getInt columnIndex: 6
Jul 11, 2019 3:06:57 PM org.postgresql.jdbc.PgResultSet getBytes
FINEST:   getBytes columnIndex: 1
Jul 11, 2019 3:06:57 PM org.postgresql.jdbc.PgResultSet getBytes
FINEST:   getBytes columnIndex: 2
Jul 11, 2019 3:06:57 PM org.postgresql.jdbc.PgResultSet getBytes
FINEST:   getBytes columnIndex: 3
Jul 11, 2019 3:06:57 PM org.postgresql.jdbc.PgResultSet getString
FINEST:   getString columnIndex: 13
Jul 11, 2019 3:06:57 PM org.postgresql.jdbc.PgResultSet getString
FINEST:   getString columnIndex: 10
Jul 11, 2019 3:06:57 PM org.postgresql.jdbc.PgResultSet getString
FINEST:   getString columnIndex: 9
Jul 11, 2019 3:06:57 PM org.postgresql.jdbc.PgResultSet getBoolean
FINEST:   getBoolean columnIndex: 5
Jul 11, 2019 3:06:57 PM org.postgresql.jdbc.PgResultSet getBytes
FINEST:   getBytes columnIndex: 11
Jul 11, 2019 3:06:57 PM org.postgresql.jdbc.PgResultSet getBytes
FINEST:   getBytes columnIndex: 10
Jul 11, 2019 3:06:57 PM org.postgresql.jdbc.PgResultSet getInt
FINEST:   getInt columnIndex: 8
Jul 11, 2019 3:06:57 PM org.postgresql.jdbc.PgResultSet getBoolean
FINEST:   getBoolean columnIndex: 5
Jul 11, 2019 3:06:57 PM org.postgresql.jdbc.PgResultSet getLong
FINEST:   getLong columnIndex: 12
Jul 11, 2019 3:06:57 PM org.postgresql.jdbc.PgResultSet getLong
FINEST:   getLong columnIndex: 4
Jul 11, 2019 3:06:57 PM org.postgresql.jdbc.PgResultSet getInt
FINEST:   getInt columnIndex: 6
Jul 11, 2019 3:06:57 PM org.postgresql.jdbc.PgResultSet getBytes
FINEST:   getBytes columnIndex: 1
Jul 11, 2019 3:06:57 PM org.postgresql.jdbc.PgResultSet getBytes
FINEST:   getBytes columnIndex: 2
Jul 11, 2019 3:06:57 PM org.postgresql.jdbc.PgResultSet getBytes
FINEST:   getBytes columnIndex: 3
Jul 11, 2019 3:06:57 PM org.postgresql.jdbc.PgResultSet getString
FINEST:   getString columnIndex: 13
Jul 11, 2019 3:06:57 PM org.postgresql.jdbc.PgResultSet getString
FINEST:   getString columnIndex: 10
Jul 11, 2019 3:06:57 PM org.postgresql.jdbc.PgResultSet getString
FINEST:   getString columnIndex: 9
Jul 11, 2019 3:06:57 PM org.postgresql.jdbc.PgResultSet getBoolean
FINEST:   getBoolean columnIndex: 5
Jul 11, 2019 3:06:57 PM org.postgresql.jdbc.PgResultSet getBytes
FINEST:   getBytes columnIndex: 11
Jul 11, 2019 3:06:57 PM org.postgresql.jdbc.PgResultSet getBytes
FINEST:   getBytes columnIndex: 10
Jul 11, 2019 3:06:57 PM org.postgresql.jdbc.PgResultSet getInt
FINEST:   getInt columnIndex: 8
Jul 11, 2019 3:06:57 PM org.postgresql.jdbc.PgResultSet getBoolean
FINEST:   getBoolean columnIndex: 5
Jul 11, 2019 3:06:57 PM org.postgresql.jdbc.PgResultSet getLong
FINEST:   getLong columnIndex: 12
Jul 11, 2019 3:06:57 PM org.postgresql.jdbc.PgResultSet getLong
FINEST:   getLong columnIndex: 4
Jul 11, 2019 3:06:57 PM org.postgresql.jdbc.PgResultSet getInt
FINEST:   getInt columnIndex: 6
Jul 11, 2019 3:06:57 PM org.postgresql.jdbc.PgResultSet getBytes
FINEST:   getBytes columnIndex: 1
Jul 11, 2019 3:06:57 PM org.postgresql.jdbc.PgResultSet getBytes
FINEST:   getBytes columnIndex: 2
Jul 11, 2019 3:06:57 PM org.postgresql.jdbc.PgResultSet getBytes
FINEST:   getBytes columnIndex: 3
Jul 11, 2019 3:06:57 PM org.postgresql.jdbc.PgResultSet getString
FINEST:   getString columnIndex: 13
Jul 11, 2019 3:06:57 PM org.postgresql.jdbc.PgResultSet getString
FINEST:   getString columnIndex: 10
Jul 11, 2019 3:06:57 PM org.postgresql.jdbc.PgResultSet getString
FINEST:   getString columnIndex: 9
Jul 11, 2019 3:06:57 PM org.postgresql.jdbc.PgResultSet getBoolean
FINEST:   getBoolean columnIndex: 5
Jul 11, 2019 3:06:57 PM org.postgresql.jdbc.PgResultSet getBytes
FINEST:   getBytes columnIndex: 11
Jul 11, 2019 3:06:57 PM org.postgresql.jdbc.PgResultSet getBytes
FINEST:   getBytes columnIndex: 10
Jul 11, 2019 3:06:57 PM org.postgresql.jdbc.PgResultSet getInt
FINEST:   getInt columnIndex: 8
Jul 11, 2019 3:06:57 PM org.postgresql.jdbc.PgResultSet getBoolean
FINEST:   getBoolean columnIndex: 5
Jul 11, 2019 3:06:57 PM org.postgresql.jdbc.PgResultSet getLong
FINEST:   getLong columnIndex: 12
Jul 11, 2019 3:06:57 PM org.postgresql.jdbc.PgResultSet getLong
FINEST:   getLong columnIndex: 4
Jul 11, 2019 3:06:57 PM org.postgresql.jdbc.PgResultSet getInt
FINEST:   getInt columnIndex: 6
Jul 11, 2019 3:06:57 PM org.postgresql.jdbc.PgResultSet getBytes
FINEST:   getBytes columnIndex: 1
Jul 11, 2019 3:06:57 PM org.postgresql.jdbc.PgResultSet getBytes
FINEST:   getBytes columnIndex: 2
Jul 11, 2019 3:06:57 PM org.postgresql.jdbc.PgResultSet getBytes
FINEST:   getBytes columnIndex: 3
Jul 11, 2019 3:06:57 PM org.postgresql.jdbc.PgResultSet getString
FINEST:   getString columnIndex: 13
Jul 11, 2019 3:06:57 PM org.postgresql.jdbc.PgResultSet getString
FINEST:   getString columnIndex: 10
Jul 11, 2019 3:06:57 PM org.postgresql.jdbc.PgResultSet getString
FINEST:   getString columnIndex: 9
Jul 11, 2019 3:06:57 PM org.postgresql.jdbc.PgResultSet getBoolean
FINEST:   getBoolean columnIndex: 5
Jul 11, 2019 3:06:57 PM org.postgresql.jdbc.PgResultSet getBytes
FINEST:   getBytes columnIndex: 11
Jul 11, 2019 3:06:57 PM org.postgresql.jdbc.PgResultSet getBytes
FINEST:   getBytes columnIndex: 10
Jul 11, 2019 3:06:57 PM org.postgresql.jdbc.PgResultSet getInt
FINEST:   getInt columnIndex: 8
Jul 11, 2019 3:06:57 PM org.postgresql.jdbc.PgResultSet getBoolean
FINEST:   getBoolean columnIndex: 5
Jul 11, 2019 3:06:57 PM org.postgresql.jdbc.PgResultSet getLong
FINEST:   getLong columnIndex: 12
Jul 11, 2019 3:06:57 PM org.postgresql.jdbc.PgResultSet getLong
FINEST:   getLong columnIndex: 4
Jul 11, 2019 3:06:57 PM org.postgresql.jdbc.PgResultSet getInt
FINEST:   getInt columnIndex: 6
Jul 11, 2019 3:06:57 PM org.postgresql.jdbc.PgResultSet getBytes
FINEST:   getBytes columnIndex: 1
Jul 11, 2019 3:06:57 PM org.postgresql.jdbc.PgResultSet getBytes
FINEST:   getBytes columnIndex: 2
Jul 11, 2019 3:06:57 PM org.postgresql.jdbc.PgResultSet getBytes
FINEST:   getBytes columnIndex: 3
Jul 11, 2019 3:06:57 PM org.postgresql.jdbc.PgResultSet getString
FINEST:   getString columnIndex: 13
Jul 11, 2019 3:06:57 PM org.postgresql.jdbc.PgResultSet getString
FINEST:   getString columnIndex: 10
Jul 11, 2019 3:06:57 PM org.postgresql.jdbc.PgResultSet getString
FINEST:   getString columnIndex: 9
Jul 11, 2019 3:06:57 PM org.postgresql.jdbc.PgResultSet getBoolean
FINEST:   getBoolean columnIndex: 5
Jul 11, 2019 3:06:57 PM org.postgresql.jdbc.PgResultSet getBytes
FINEST:   getBytes columnIndex: 11
Jul 11, 2019 3:06:57 PM org.postgresql.jdbc.PgResultSet getBytes
FINEST:   getBytes columnIndex: 10
Jul 11, 2019 3:06:57 PM org.postgresql.jdbc.PgResultSet getInt
FINEST:   getInt columnIndex: 8
Jul 11, 2019 3:06:57 PM org.postgresql.jdbc.PgResultSet getBoolean
FINEST:   getBoolean columnIndex: 5
Jul 11, 2019 3:06:57 PM org.postgresql.jdbc.PgResultSet getLong
FINEST:   getLong columnIndex: 12
Jul 11, 2019 3:06:57 PM org.postgresql.jdbc.PgResultSet getLong
FINEST:   getLong columnIndex: 4
Jul 11, 2019 3:06:57 PM org.postgresql.jdbc.PgResultSet getInt
FINEST:   getInt columnIndex: 6
Jul 11, 2019 3:06:57 PM org.postgresql.jdbc.PgResultSet getBytes
FINEST:   getBytes columnIndex: 1
Jul 11, 2019 3:06:57 PM org.postgresql.jdbc.PgResultSet getBytes
FINEST:   getBytes columnIndex: 2
Jul 11, 2019 3:06:57 PM org.postgresql.jdbc.PgResultSet getBytes
FINEST:   getBytes columnIndex: 3
Jul 11, 2019 3:06:57 PM org.postgresql.jdbc.PgResultSet getString
FINEST:   getString columnIndex: 13
Jul 11, 2019 3:06:57 PM org.postgresql.jdbc.PgResultSet getString
FINEST:   getString columnIndex: 10
Jul 11, 2019 3:06:57 PM org.postgresql.jdbc.PgResultSet getString
FINEST:   getString columnIndex: 9
Jul 11, 2019 3:06:57 PM org.postgresql.jdbc.PgResultSet getBoolean
FINEST:   getBoolean columnIndex: 5
Jul 11, 2019 3:06:57 PM org.postgresql.jdbc.PgResultSet getBytes
FINEST:   getBytes columnIndex: 11
Jul 11, 2019 3:06:57 PM org.postgresql.jdbc.PgResultSet getBytes
FINEST:   getBytes columnIndex: 10
Jul 11, 2019 3:06:57 PM org.postgresql.jdbc.PgResultSet getInt
FINEST:   getInt columnIndex: 8
Jul 11, 2019 3:06:57 PM org.postgresql.jdbc.PgResultSet getBoolean
FINEST:   getBoolean columnIndex: 5
Jul 11, 2019 3:06:57 PM org.postgresql.jdbc.PgResultSet getLong
FINEST:   getLong columnIndex: 12
Jul 11, 2019 3:06:57 PM org.postgresql.jdbc.PgResultSet getLong
FINEST:   getLong columnIndex: 4
Jul 11, 2019 3:06:57 PM org.postgresql.jdbc.PgResultSet getInt
FINEST:   getInt columnIndex: 6
Jul 11, 2019 3:06:57 PM org.postgresql.jdbc.PgResultSet getBytes
FINEST:   getBytes columnIndex: 1
Jul 11, 2019 3:06:57 PM org.postgresql.jdbc.PgResultSet getBytes
FINEST:   getBytes columnIndex: 2
Jul 11, 2019 3:06:57 PM org.postgresql.jdbc.PgResultSet getBytes
FINEST:   getBytes columnIndex: 3
Jul 11, 2019 3:06:57 PM org.postgresql.jdbc.PgResultSet getString
FINEST:   getString columnIndex: 13
Jul 11, 2019 3:06:57 PM org.postgresql.jdbc.PgResultSet getString
FINEST:   getString columnIndex: 10
Jul 11, 2019 3:06:57 PM org.postgresql.jdbc.PgResultSet getString
FINEST:   getString columnIndex: 9
Jul 11, 2019 3:06:57 PM org.postgresql.jdbc.PgResultSet getBoolean
FINEST:   getBoolean columnIndex: 5
Jul 11, 2019 3:06:57 PM org.postgresql.jdbc.PgResultSet getBytes
FINEST:   getBytes columnIndex: 11
Jul 11, 2019 3:06:57 PM org.postgresql.jdbc.PgResultSet getBytes
FINEST:   getBytes columnIndex: 10
Jul 11, 2019 3:06:57 PM org.postgresql.jdbc.PgResultSet getInt
FINEST:   getInt columnIndex: 8
Jul 11, 2019 3:06:57 PM org.postgresql.jdbc.PgResultSet getBoolean
FINEST:   getBoolean columnIndex: 5
Jul 11, 2019 3:06:57 PM org.postgresql.jdbc.PgResultSet getLong
FINEST:   getLong columnIndex: 12
Jul 11, 2019 3:06:57 PM org.postgresql.jdbc.PgResultSet getLong
FINEST:   getLong columnIndex: 4
Jul 11, 2019 3:06:57 PM org.postgresql.jdbc.PgResultSet getInt
FINEST:   getInt columnIndex: 6
Jul 11, 2019 3:06:57 PM org.postgresql.jdbc.PgResultSet getBytes
FINEST:   getBytes columnIndex: 1
Jul 11, 2019 3:06:57 PM org.postgresql.jdbc.PgResultSet getBytes
FINEST:   getBytes columnIndex: 2
Jul 11, 2019 3:06:57 PM org.postgresql.jdbc.PgResultSet getBytes
FINEST:   getBytes columnIndex: 3
Jul 11, 2019 3:06:57 PM org.postgresql.jdbc.PgResultSet getString
FINEST:   getString columnIndex: 13
Jul 11, 2019 3:06:57 PM org.postgresql.jdbc.PgResultSet getString
FINEST:   getString columnIndex: 10
Jul 11, 2019 3:06:57 PM org.postgresql.jdbc.PgResultSet getString
FINEST:   getString columnIndex: 9
Jul 11, 2019 3:06:57 PM org.postgresql.jdbc.PgResultSet getBoolean
FINEST:   getBoolean columnIndex: 5
Jul 11, 2019 3:06:57 PM org.postgresql.jdbc.PgResultSet getBytes
FINEST:   getBytes columnIndex: 11
Jul 11, 2019 3:06:57 PM org.postgresql.jdbc.PgResultSet getBytes
FINEST:   getBytes columnIndex: 10
Jul 11, 2019 3:06:57 PM org.postgresql.jdbc.PgResultSet getInt
FINEST:   getInt columnIndex: 8
Jul 11, 2019 3:06:57 PM org.postgresql.jdbc.PgResultSet getBoolean
FINEST:   getBoolean columnIndex: 5
Jul 11, 2019 3:06:57 PM org.postgresql.jdbc.PgResultSet getLong
FINEST:   getLong columnIndex: 12
Jul 11, 2019 3:06:57 PM org.postgresql.jdbc.PgResultSet getLong
FINEST:   getLong columnIndex: 4
Jul 11, 2019 3:06:57 PM org.postgresql.jdbc.PgResultSet getInt
FINEST:   getInt columnIndex: 6
Jul 11, 2019 3:06:57 PM org.postgresql.jdbc.PgResultSet getBytes
FINEST:   getBytes columnIndex: 1
Jul 11, 2019 3:06:57 PM org.postgresql.jdbc.PgResultSet getBytes
FINEST:   getBytes columnIndex: 2
Jul 11, 2019 3:06:57 PM org.postgresql.jdbc.PgResultSet getBytes
FINEST:   getBytes columnIndex: 3
Jul 11, 2019 3:06:57 PM org.postgresql.jdbc.PgResultSet getString
FINEST:   getString columnIndex: 13
Jul 11, 2019 3:06:57 PM org.postgresql.jdbc.PgResultSet getString
FINEST:   getString columnIndex: 10
Jul 11, 2019 3:06:57 PM org.postgresql.jdbc.PgResultSet getString
FINEST:   getString columnIndex: 9
Jul 11, 2019 3:06:57 PM org.postgresql.jdbc.PgResultSet getBoolean
FINEST:   getBoolean columnIndex: 5
Jul 11, 2019 3:06:57 PM org.postgresql.jdbc.PgResultSet getBytes
FINEST:   getBytes columnIndex: 11
Jul 11, 2019 3:06:57 PM org.postgresql.jdbc.PgResultSet getBytes
FINEST:   getBytes columnIndex: 10
Jul 11, 2019 3:06:57 PM org.postgresql.jdbc.PgResultSet getInt
FINEST:   getInt columnIndex: 8
Jul 11, 2019 3:06:57 PM org.postgresql.jdbc.PgResultSet getBoolean
FINEST:   getBoolean columnIndex: 5
Jul 11, 2019 3:06:57 PM org.postgresql.jdbc.PgResultSet getLong
FINEST:   getLong columnIndex: 12
Jul 11, 2019 3:06:57 PM org.postgresql.jdbc.PgResultSet getLong
FINEST:   getLong columnIndex: 4
Jul 11, 2019 3:06:57 PM org.postgresql.jdbc.PgResultSet getInt
FINEST:   getInt columnIndex: 6
Jul 11, 2019 3:06:57 PM org.postgresql.jdbc.PgResultSet getBytes
FINEST:   getBytes columnIndex: 1
Jul 11, 2019 3:06:57 PM org.postgresql.jdbc.PgResultSet getBytes
FINEST:   getBytes columnIndex: 2
Jul 11, 2019 3:06:57 PM org.postgresql.jdbc.PgResultSet getBytes
FINEST:   getBytes columnIndex: 3
Jul 11, 2019 3:06:57 PM org.postgresql.jdbc.PgResultSet getString
FINEST:   getString columnIndex: 13
Jul 11, 2019 3:06:57 PM org.postgresql.jdbc.PgResultSet getString
FINEST:   getString columnIndex: 10
Jul 11, 2019 3:06:57 PM org.postgresql.jdbc.PgResultSet getString
FINEST:   getString columnIndex: 9
Jul 11, 2019 3:06:57 PM org.postgresql.jdbc.PgResultSet getBoolean
FINEST:   getBoolean columnIndex: 5
Jul 11, 2019 3:06:57 PM org.postgresql.jdbc.PgResultSet getBytes
FINEST:   getBytes columnIndex: 11
Jul 11, 2019 3:06:57 PM org.postgresql.jdbc.PgResultSet getBytes
FINEST:   getBytes columnIndex: 10
Jul 11, 2019 3:06:57 PM org.postgresql.jdbc.PgResultSet getInt
FINEST:   getInt columnIndex: 8
Jul 11, 2019 3:06:57 PM org.postgresql.jdbc.PgResultSet getBoolean
FINEST:   getBoolean columnIndex: 5
Jul 11, 2019 3:06:57 PM org.postgresql.jdbc.PgResultSet getLong
FINEST:   getLong columnIndex: 12
Jul 11, 2019 3:06:57 PM org.postgresql.jdbc.PgResultSet getLong
FINEST:   getLong columnIndex: 4
Jul 11, 2019 3:06:57 PM org.postgresql.jdbc.PgResultSet getInt
FINEST:   getInt columnIndex: 6
Jul 11, 2019 3:06:57 PM org.postgresql.jdbc.PgResultSet getBytes
FINEST:   getBytes columnIndex: 1
Jul 11, 2019 3:06:57 PM org.postgresql.jdbc.PgResultSet getBytes
FINEST:   getBytes columnIndex: 2
Jul 11, 2019 3:06:57 PM org.postgresql.jdbc.PgResultSet getBytes
FINEST:   getBytes columnIndex: 3
Jul 11, 2019 3:06:57 PM org.postgresql.jdbc.PgResultSet getString
FINEST:   getString columnIndex: 13
Jul 11, 2019 3:06:57 PM org.postgresql.jdbc.PgResultSet getString
FINEST:   getString columnIndex: 10
Jul 11, 2019 3:06:57 PM org.postgresql.jdbc.PgResultSet getString
FINEST:   getString columnIndex: 9
Jul 11, 2019 3:06:57 PM org.postgresql.jdbc.PgResultSet getBoolean
FINEST:   getBoolean columnIndex: 5
Jul 11, 2019 3:06:57 PM org.postgresql.jdbc.PgResultSet getBytes
FINEST:   getBytes columnIndex: 11
Jul 11, 2019 3:06:57 PM org.postgresql.jdbc.PgResultSet getBytes
FINEST:   getBytes columnIndex: 10
Jul 11, 2019 3:06:57 PM org.postgresql.jdbc.PgResultSet getInt
FINEST:   getInt columnIndex: 8
Jul 11, 2019 3:06:57 PM org.postgresql.jdbc.PgResultSet getBoolean
FINEST:   getBoolean columnIndex: 5
Jul 11, 2019 3:06:57 PM org.postgresql.jdbc.PgResultSet getLong
FINEST:   getLong columnIndex: 12
Jul 11, 2019 3:06:57 PM org.postgresql.jdbc.PgResultSet getLong
FINEST:   getLong columnIndex: 4
Jul 11, 2019 3:06:57 PM org.postgresql.jdbc.PgResultSet getInt
FINEST:   getInt columnIndex: 6
Jul 11, 2019 3:06:57 PM org.postgresql.jdbc.PgResultSet getBytes
FINEST:   getBytes columnIndex: 1
Jul 11, 2019 3:06:57 PM org.postgresql.jdbc.PgResultSet getBytes
FINEST:   getBytes columnIndex: 2
Jul 11, 2019 3:06:57 PM org.postgresql.jdbc.PgResultSet getBytes
FINEST:   getBytes columnIndex: 3
Jul 11, 2019 3:06:57 PM org.postgresql.jdbc.PgResultSet getString
FINEST:   getString columnIndex: 13
Jul 11, 2019 3:06:57 PM org.postgresql.jdbc.PgResultSet getString
FINEST:   getString columnIndex: 10
Jul 11, 2019 3:06:57 PM org.postgresql.jdbc.PgResultSet getString
FINEST:   getString columnIndex: 9
Jul 11, 2019 3:06:57 PM org.postgresql.jdbc.PgResultSet getBoolean
FINEST:   getBoolean columnIndex: 5
Jul 11, 2019 3:06:57 PM org.postgresql.jdbc.PgResultSet getBytes
FINEST:   getBytes columnIndex: 11
Jul 11, 2019 3:06:57 PM org.postgresql.jdbc.PgResultSet getBytes
FINEST:   getBytes columnIndex: 10
Jul 11, 2019 3:06:57 PM org.postgresql.jdbc.PgResultSet getInt
FINEST:   getInt columnIndex: 8
Jul 11, 2019 3:06:57 PM org.postgresql.jdbc.PgResultSet getBoolean
FINEST:   getBoolean columnIndex: 5
Jul 11, 2019 3:06:57 PM org.postgresql.jdbc.PgResultSet getLong
FINEST:   getLong columnIndex: 12
Jul 11, 2019 3:06:57 PM org.postgresql.jdbc.PgResultSet getLong
FINEST:   getLong columnIndex: 4
Jul 11, 2019 3:06:57 PM org.postgresql.jdbc.PgResultSet getInt
FINEST:   getInt columnIndex: 6
Jul 11, 2019 3:06:57 PM org.postgresql.jdbc.PgResultSet getBytes
FINEST:   getBytes columnIndex: 1
Jul 11, 2019 3:06:57 PM org.postgresql.jdbc.PgResultSet getBytes
FINEST:   getBytes columnIndex: 2
Jul 11, 2019 3:06:57 PM org.postgresql.jdbc.PgResultSet getBytes
FINEST:   getBytes columnIndex: 3
Jul 11, 2019 3:06:57 PM org.postgresql.jdbc.PgResultSet getString
FINEST:   getString columnIndex: 13
Jul 11, 2019 3:06:57 PM org.postgresql.jdbc.PgResultSet getString
FINEST:   getString columnIndex: 10
Jul 11, 2019 3:06:57 PM org.postgresql.jdbc.PgResultSet getString
FINEST:   getString columnIndex: 9
Jul 11, 2019 3:06:57 PM org.postgresql.jdbc.PgResultSet getBoolean
FINEST:   getBoolean columnIndex: 5
Jul 11, 2019 3:06:57 PM org.postgresql.jdbc.PgResultSet getBytes
FINEST:   getBytes columnIndex: 11
Jul 11, 2019 3:06:57 PM org.postgresql.jdbc.PgResultSet getBytes
FINEST:   getBytes columnIndex: 10
Jul 11, 2019 3:06:57 PM org.postgresql.jdbc.PgResultSet getInt
FINEST:   getInt columnIndex: 8
Jul 11, 2019 3:06:57 PM org.postgresql.jdbc.PgResultSet getBoolean
FINEST:   getBoolean columnIndex: 5
Jul 11, 2019 3:06:57 PM org.postgresql.jdbc.PgResultSet getLong
FINEST:   getLong columnIndex: 12
Jul 11, 2019 3:06:57 PM org.postgresql.jdbc.PgResultSet getLong
FINEST:   getLong columnIndex: 4
Jul 11, 2019 3:06:57 PM org.postgresql.jdbc.PgResultSet getInt
FINEST:   getInt columnIndex: 6
Jul 11, 2019 3:06:57 PM org.postgresql.jdbc.PgResultSet getBytes
FINEST:   getBytes columnIndex: 1
Jul 11, 2019 3:06:57 PM org.postgresql.jdbc.PgResultSet getBytes
FINEST:   getBytes columnIndex: 2
Jul 11, 2019 3:06:57 PM org.postgresql.jdbc.PgResultSet getBytes
FINEST:   getBytes columnIndex: 3
Jul 11, 2019 3:06:57 PM org.postgresql.jdbc.PgResultSet getString
FINEST:   getString columnIndex: 13
Jul 11, 2019 3:06:57 PM org.postgresql.jdbc.PgResultSet getString
FINEST:   getString columnIndex: 10
Jul 11, 2019 3:06:57 PM org.postgresql.jdbc.PgResultSet getString
FINEST:   getString columnIndex: 9
Jul 11, 2019 3:06:57 PM org.postgresql.jdbc.PgResultSet getBoolean
FINEST:   getBoolean columnIndex: 5
Jul 11, 2019 3:06:57 PM org.postgresql.jdbc.PgResultSet getBytes
FINEST:   getBytes columnIndex: 11
Jul 11, 2019 3:06:57 PM org.postgresql.jdbc.PgResultSet getBytes
FINEST:   getBytes columnIndex: 10
Jul 11, 2019 3:06:57 PM org.postgresql.jdbc.PgResultSet getInt
FINEST:   getInt columnIndex: 8
Jul 11, 2019 3:06:57 PM org.postgresql.jdbc.PgResultSet getBoolean
FINEST:   getBoolean columnIndex: 5
Jul 11, 2019 3:06:57 PM org.postgresql.jdbc.PgResultSet getLong
FINEST:   getLong columnIndex: 12
Jul 11, 2019 3:06:57 PM org.postgresql.jdbc.PgResultSet getLong
FINEST:   getLong columnIndex: 4
Jul 11, 2019 3:06:57 PM org.postgresql.jdbc.PgResultSet getInt
FINEST:   getInt columnIndex: 6
Jul 11, 2019 3:06:57 PM org.postgresql.jdbc.PgResultSet getBytes
FINEST:   getBytes columnIndex: 1
Jul 11, 2019 3:06:57 PM org.postgresql.jdbc.PgResultSet getBytes
FINEST:   getBytes columnIndex: 2
Jul 11, 2019 3:06:57 PM org.postgresql.jdbc.PgResultSet getBytes
FINEST:   getBytes columnIndex: 3
Jul 11, 2019 3:06:57 PM org.postgresql.jdbc.PgResultSet getString
FINEST:   getString columnIndex: 13
Jul 11, 2019 3:06:57 PM org.postgresql.jdbc.PgResultSet getString
FINEST:   getString columnIndex: 10
Jul 11, 2019 3:06:57 PM org.postgresql.jdbc.PgResultSet getString
FINEST:   getString columnIndex: 9
Jul 11, 2019 3:06:57 PM org.postgresql.jdbc.PgResultSet getBoolean
FINEST:   getBoolean columnIndex: 5
Jul 11, 2019 3:06:57 PM org.postgresql.jdbc.PgResultSet getBytes
FINEST:   getBytes columnIndex: 11
Jul 11, 2019 3:06:57 PM org.postgresql.jdbc.PgResultSet getBytes
FINEST:   getBytes columnIndex: 10
Jul 11, 2019 3:06:57 PM org.postgresql.jdbc.PgResultSet getInt
FINEST:   getInt columnIndex: 8
Jul 11, 2019 3:06:57 PM org.postgresql.jdbc.PgResultSet getBoolean
FINEST:   getBoolean columnIndex: 5
Jul 11, 2019 3:06:57 PM org.postgresql.jdbc.PgResultSet getLong
FINEST:   getLong columnIndex: 12
Jul 11, 2019 3:06:57 PM org.postgresql.jdbc.PgResultSet getLong
FINEST:   getLong columnIndex: 4
Jul 11, 2019 3:06:57 PM org.postgresql.jdbc.PgResultSet getInt
FINEST:   getInt columnIndex: 6
Jul 11, 2019 3:06:57 PM org.postgresql.jdbc.PgResultSet getBytes
FINEST:   getBytes columnIndex: 1
Jul 11, 2019 3:06:57 PM org.postgresql.jdbc.PgResultSet getBytes
FINEST:   getBytes columnIndex: 2
Jul 11, 2019 3:06:57 PM org.postgresql.jdbc.PgResultSet getBytes
FINEST:   getBytes columnIndex: 3
Jul 11, 2019 3:06:57 PM org.postgresql.jdbc.PgResultSet getString
FINEST:   getString columnIndex: 13
Jul 11, 2019 3:06:57 PM org.postgresql.jdbc.PgResultSet getString
FINEST:   getString columnIndex: 10
Jul 11, 2019 3:06:57 PM org.postgresql.jdbc.PgResultSet getString
FINEST:   getString columnIndex: 9
Jul 11, 2019 3:06:57 PM org.postgresql.jdbc.PgResultSet getBoolean
FINEST:   getBoolean columnIndex: 5
Jul 11, 2019 3:06:57 PM org.postgresql.jdbc.PgResultSet getBytes
FINEST:   getBytes columnIndex: 11
Jul 11, 2019 3:06:57 PM org.postgresql.jdbc.PgResultSet getBytes
FINEST:   getBytes columnIndex: 10
Jul 11, 2019 3:06:57 PM org.postgresql.jdbc.PgResultSet getInt
FINEST:   getInt columnIndex: 8
Jul 11, 2019 3:06:57 PM org.postgresql.jdbc.PgResultSet getBoolean
FINEST:   getBoolean columnIndex: 5
Jul 11, 2019 3:06:57 PM org.postgresql.jdbc.PgResultSet getLong
FINEST:   getLong columnIndex: 12
Jul 11, 2019 3:06:57 PM org.postgresql.jdbc.PgResultSet getLong
FINEST:   getLong columnIndex: 4
Jul 11, 2019 3:06:57 PM org.postgresql.jdbc.PgResultSet getInt
FINEST:   getInt columnIndex: 6
Jul 11, 2019 3:06:57 PM org.postgresql.jdbc.PgResultSet getBytes
FINEST:   getBytes columnIndex: 1
Jul 11, 2019 3:06:57 PM org.postgresql.jdbc.PgResultSet getBytes
FINEST:   getBytes columnIndex: 2
Jul 11, 2019 3:06:57 PM org.postgresql.jdbc.PgResultSet getBytes
FINEST:   getBytes columnIndex: 3
Jul 11, 2019 3:06:57 PM org.postgresql.jdbc.PgResultSet getString
FINEST:   getString columnIndex: 13
Jul 11, 2019 3:06:57 PM org.postgresql.jdbc.PgResultSet getString
FINEST:   getString columnIndex: 10
Jul 11, 2019 3:06:57 PM org.postgresql.jdbc.PgResultSet getString
FINEST:   getString columnIndex: 9
Jul 11, 2019 3:06:57 PM org.postgresql.jdbc.PgResultSet getBoolean
FINEST:   getBoolean columnIndex: 5
Jul 11, 2019 3:06:57 PM org.postgresql.jdbc.PgResultSet getBytes
FINEST:   getBytes columnIndex: 11
Jul 11, 2019 3:06:57 PM org.postgresql.jdbc.PgResultSet getBytes
FINEST:   getBytes columnIndex: 10
Jul 11, 2019 3:06:57 PM org.postgresql.jdbc.PgResultSet getInt
FINEST:   getInt columnIndex: 8
Jul 11, 2019 3:06:57 PM org.postgresql.jdbc.PgResultSet getBoolean
FINEST:   getBoolean columnIndex: 5
Jul 11, 2019 3:06:57 PM org.postgresql.jdbc.PgResultSet getLong
FINEST:   getLong columnIndex: 12
Jul 11, 2019 3:06:57 PM org.postgresql.jdbc.PgResultSet getLong
FINEST:   getLong columnIndex: 4
Jul 11, 2019 3:06:57 PM org.postgresql.jdbc.PgResultSet getInt
FINEST:   getInt columnIndex: 6
Jul 11, 2019 3:06:57 PM org.postgresql.jdbc.PgResultSet getBytes
FINEST:   getBytes columnIndex: 1
Jul 11, 2019 3:06:57 PM org.postgresql.jdbc.PgResultSet getBytes
FINEST:   getBytes columnIndex: 2
Jul 11, 2019 3:06:57 PM org.postgresql.jdbc.PgResultSet getBytes
FINEST:   getBytes columnIndex: 3
Jul 11, 2019 3:06:57 PM org.postgresql.jdbc.PgResultSet getString
FINEST:   getString columnIndex: 13
Jul 11, 2019 3:06:57 PM org.postgresql.jdbc.PgResultSet getString
FINEST:   getString columnIndex: 10
Jul 11, 2019 3:06:57 PM org.postgresql.jdbc.PgResultSet getString
FINEST:   getString columnIndex: 9
Jul 11, 2019 3:06:57 PM org.postgresql.jdbc.PgResultSet getBoolean
FINEST:   getBoolean columnIndex: 5
Jul 11, 2019 3:06:57 PM org.postgresql.jdbc.PgResultSet getBytes
FINEST:   getBytes columnIndex: 11
Jul 11, 2019 3:06:57 PM org.postgresql.jdbc.PgResultSet getBytes
FINEST:   getBytes columnIndex: 10
Jul 11, 2019 3:06:57 PM org.postgresql.jdbc.PgResultSet getInt
FINEST:   getInt columnIndex: 8
Jul 11, 2019 3:06:57 PM org.postgresql.jdbc.PgResultSet getBoolean
FINEST:   getBoolean columnIndex: 5
Jul 11, 2019 3:06:57 PM org.postgresql.jdbc.PgResultSet getLong
FINEST:   getLong columnIndex: 12
Jul 11, 2019 3:06:57 PM org.postgresql.jdbc.PgResultSet getLong
FINEST:   getLong columnIndex: 4
Jul 11, 2019 3:06:57 PM org.postgresql.jdbc.PgResultSet getInt
FINEST:   getInt columnIndex: 6
Jul 11, 2019 3:06:57 PM org.postgresql.jdbc.PgResultSet getBytes
FINEST:   getBytes columnIndex: 1
Jul 11, 2019 3:06:57 PM org.postgresql.jdbc.PgResultSet getBytes
FINEST:   getBytes columnIndex: 2
Jul 11, 2019 3:06:57 PM org.postgresql.jdbc.PgResultSet getBytes
FINEST:   getBytes columnIndex: 3
Jul 11, 2019 3:06:57 PM org.postgresql.jdbc.PgResultSet getString
FINEST:   getString columnIndex: 13
Jul 11, 2019 3:06:57 PM org.postgresql.jdbc.PgResultSet getString
FINEST:   getString columnIndex: 10
Jul 11, 2019 3:06:57 PM org.postgresql.jdbc.PgResultSet getString
FINEST:   getString columnIndex: 9
Jul 11, 2019 3:06:57 PM org.postgresql.jdbc.PgResultSet getBoolean
FINEST:   getBoolean columnIndex: 5
Jul 11, 2019 3:06:57 PM org.postgresql.jdbc.PgResultSet getBytes
FINEST:   getBytes columnIndex: 11
Jul 11, 2019 3:06:57 PM org.postgresql.jdbc.PgResultSet getBytes
FINEST:   getBytes columnIndex: 10
Jul 11, 2019 3:06:57 PM org.postgresql.jdbc.PgResultSet getInt
FINEST:   getInt columnIndex: 8
Jul 11, 2019 3:06:57 PM org.postgresql.jdbc.PgResultSet getBoolean
FINEST:   getBoolean columnIndex: 5
Jul 11, 2019 3:06:57 PM org.postgresql.jdbc.PgResultSet getLong
FINEST:   getLong columnIndex: 12
Jul 11, 2019 3:06:57 PM org.postgresql.jdbc.PgResultSet getLong
FINEST:   getLong columnIndex: 4
Jul 11, 2019 3:06:57 PM org.postgresql.jdbc.PgResultSet getInt
FINEST:   getInt columnIndex: 6
Jul 11, 2019 3:06:57 PM org.postgresql.jdbc.PgResultSet getBytes
FINEST:   getBytes columnIndex: 1
Jul 11, 2019 3:06:57 PM org.postgresql.jdbc.PgResultSet getBytes
FINEST:   getBytes columnIndex: 2
Jul 11, 2019 3:06:57 PM org.postgresql.jdbc.PgResultSet getBytes
FINEST:   getBytes columnIndex: 3
Jul 11, 2019 3:06:57 PM org.postgresql.jdbc.PgResultSet getString
FINEST:   getString columnIndex: 13
Jul 11, 2019 3:06:57 PM org.postgresql.jdbc.PgResultSet getString
FINEST:   getString columnIndex: 10
Jul 11, 2019 3:06:57 PM org.postgresql.jdbc.PgResultSet getString
FINEST:   getString columnIndex: 9
Jul 11, 2019 3:06:57 PM org.postgresql.jdbc.PgResultSet getBoolean
FINEST:   getBoolean columnIndex: 5
Jul 11, 2019 3:06:57 PM org.postgresql.jdbc.PgResultSet getBytes
FINEST:   getBytes columnIndex: 11
Jul 11, 2019 3:06:57 PM org.postgresql.jdbc.PgResultSet getBytes
FINEST:   getBytes columnIndex: 10
Jul 11, 2019 3:06:57 PM org.postgresql.jdbc.PgResultSet getInt
FINEST:   getInt columnIndex: 8
Jul 11, 2019 3:06:57 PM org.postgresql.jdbc.PgResultSet getBoolean
FINEST:   getBoolean columnIndex: 5
Jul 11, 2019 3:06:57 PM org.postgresql.jdbc.PgResultSet getLong
FINEST:   getLong columnIndex: 12
Jul 11, 2019 3:06:57 PM org.postgresql.jdbc.PgResultSet getLong
FINEST:   getLong columnIndex: 4
Jul 11, 2019 3:06:57 PM org.postgresql.jdbc.PgResultSet getInt
FINEST:   getInt columnIndex: 6
Jul 11, 2019 3:06:57 PM org.postgresql.jdbc.PgResultSet getBytes
FINEST:   getBytes columnIndex: 1
Jul 11, 2019 3:06:57 PM org.postgresql.jdbc.PgResultSet getBytes
FINEST:   getBytes columnIndex: 2
Jul 11, 2019 3:06:57 PM org.postgresql.jdbc.PgResultSet getBytes
FINEST:   getBytes columnIndex: 3
Jul 11, 2019 3:06:57 PM org.postgresql.jdbc.PgResultSet getString
FINEST:   getString columnIndex: 13
Jul 11, 2019 3:06:57 PM org.postgresql.jdbc.PgResultSet getString
FINEST:   getString columnIndex: 10
Jul 11, 2019 3:06:57 PM org.postgresql.jdbc.PgResultSet getString
FINEST:   getString columnIndex: 9
Jul 11, 2019 3:06:57 PM org.postgresql.jdbc.PgResultSet getBoolean
FINEST:   getBoolean columnIndex: 5
Jul 11, 2019 3:06:57 PM org.postgresql.jdbc.PgResultSet getBytes
FINEST:   getBytes columnIndex: 11
Jul 11, 2019 3:06:57 PM org.postgresql.jdbc.PgResultSet getBytes
FINEST:   getBytes columnIndex: 10
Jul 11, 2019 3:06:57 PM org.postgresql.jdbc.PgResultSet getInt
FINEST:   getInt columnIndex: 8
Jul 11, 2019 3:06:57 PM org.postgresql.jdbc.PgResultSet getBoolean
FINEST:   getBoolean columnIndex: 5
Jul 11, 2019 3:06:57 PM org.postgresql.jdbc.PgResultSet getLong
FINEST:   getLong columnIndex: 12
Jul 11, 2019 3:06:57 PM org.postgresql.jdbc.PgResultSet getString
FINEST:   getString columnIndex: 3
Jul 11, 2019 3:06:57 PM org.postgresql.jdbc.PgResultSet getString
FINEST:   getString columnIndex: 4
Jul 11, 2019 3:06:57 PM org.postgresql.jdbc.PgResultSet getString
FINEST:   getString columnIndex: 6
Jul 11, 2019 3:06:57 PM org.postgresql.jdbc.PgResultSet getString
FINEST:   getString columnIndex: 3
Jul 11, 2019 3:06:57 PM org.postgresql.jdbc.PgResultSet getString
FINEST:   getString columnIndex: 4
Jul 11, 2019 3:06:57 PM org.postgresql.jdbc.PgResultSet getString
FINEST:   getString columnIndex: 6
Jul 11, 2019 3:06:57 PM org.postgresql.jdbc.PgResultSet getString
FINEST:   getString columnIndex: 3
Jul 11, 2019 3:06:57 PM org.postgresql.jdbc.PgResultSet getString
FINEST:   getString columnIndex: 4
Jul 11, 2019 3:06:57 PM org.postgresql.jdbc.PgResultSet getString
FINEST:   getString columnIndex: 6
Jul 11, 2019 3:06:57 PM org.postgresql.jdbc.PgResultSet getString
FINEST:   getString columnIndex: 3
Jul 11, 2019 3:06:57 PM org.postgresql.jdbc.PgResultSet getString
FINEST:   getString columnIndex: 4
Jul 11, 2019 3:06:57 PM org.postgresql.jdbc.PgResultSet getString
FINEST:   getString columnIndex: 6
Jul 11, 2019 3:06:57 PM org.postgresql.jdbc.PgResultSet getString
FINEST:   getString columnIndex: 3
Jul 11, 2019 3:06:57 PM org.postgresql.jdbc.PgResultSet getString
FINEST:   getString columnIndex: 4
Jul 11, 2019 3:06:57 PM org.postgresql.jdbc.PgResultSet getString
FINEST:   getString columnIndex: 6
Jul 11, 2019 3:06:57 PM org.postgresql.jdbc.PgResultSet getString
FINEST:   getString columnIndex: 3
Jul 11, 2019 3:06:57 PM org.postgresql.jdbc.PgResultSet getString
FINEST:   getString columnIndex: 4
Jul 11, 2019 3:06:57 PM org.postgresql.jdbc.PgResultSet getString
FINEST:   getString columnIndex: 6
Jul 11, 2019 3:06:57 PM org.postgresql.jdbc.PgResultSet getString
FINEST:   getString columnIndex: 3
Jul 11, 2019 3:06:57 PM org.postgresql.jdbc.PgResultSet getString
FINEST:   getString columnIndex: 4
Jul 11, 2019 3:06:57 PM org.postgresql.jdbc.PgResultSet getString
FINEST:   getString columnIndex: 6
Jul 11, 2019 3:06:57 PM org.postgresql.jdbc.PgResultSet getString
FINEST:   getString columnIndex: 3
Jul 11, 2019 3:06:57 PM org.postgresql.jdbc.PgResultSet getString
FINEST:   getString columnIndex: 4
Jul 11, 2019 3:06:57 PM org.postgresql.jdbc.PgResultSet getString
FINEST:   getString columnIndex: 6
Jul 11, 2019 3:06:57 PM org.postgresql.jdbc.PgResultSet getString
FINEST:   getString columnIndex: 3
Jul 11, 2019 3:06:57 PM org.postgresql.jdbc.PgResultSet getString
FINEST:   getString columnIndex: 4
Jul 11, 2019 3:06:57 PM org.postgresql.jdbc.PgResultSet getString
FINEST:   getString columnIndex: 6
Jul 11, 2019 3:06:57 PM org.postgresql.jdbc.PgResultSet getString
FINEST:   getString columnIndex: 3
Jul 11, 2019 3:06:57 PM org.postgresql.jdbc.PgResultSet getString
FINEST:   getString columnIndex: 4
Jul 11, 2019 3:06:57 PM org.postgresql.jdbc.PgResultSet getString
FINEST:   getString columnIndex: 6
Jul 11, 2019 3:06:57 PM org.postgresql.jdbc.PgResultSet getString
FINEST:   getString columnIndex: 3
Jul 11, 2019 3:06:57 PM org.postgresql.jdbc.PgResultSet getString
FINEST:   getString columnIndex: 4
Jul 11, 2019 3:06:57 PM org.postgresql.jdbc.PgResultSet getString
FINEST:   getString columnIndex: 6
Jul 11, 2019 3:06:57 PM org.postgresql.jdbc.PgResultSet getString
FINEST:   getString columnIndex: 3
Jul 11, 2019 3:06:57 PM org.postgresql.jdbc.PgResultSet getString
FINEST:   getString columnIndex: 4
Jul 11, 2019 3:06:57 PM org.postgresql.jdbc.PgResultSet getString
FINEST:   getString columnIndex: 6
Jul 11, 2019 3:06:57 PM org.postgresql.jdbc.PgResultSet getString
FINEST:   getString columnIndex: 3
Jul 11, 2019 3:06:57 PM org.postgresql.jdbc.PgResultSet getString
FINEST:   getString columnIndex: 4
Jul 11, 2019 3:06:57 PM org.postgresql.jdbc.PgResultSet getString
FINEST:   getString columnIndex: 6
Jul 11, 2019 3:06:57 PM org.postgresql.jdbc.PgResultSet getString
FINEST:   getString columnIndex: 3
Jul 11, 2019 3:06:57 PM org.postgresql.jdbc.PgResultSet getString
FINEST:   getString columnIndex: 4
Jul 11, 2019 3:06:57 PM org.postgresql.jdbc.PgResultSet getString
FINEST:   getString columnIndex: 6
Jul 11, 2019 3:06:57 PM org.postgresql.jdbc.PgResultSet getString
FINEST:   getString columnIndex: 3
Jul 11, 2019 3:06:57 PM org.postgresql.jdbc.PgResultSet getString
FINEST:   getString columnIndex: 4
Jul 11, 2019 3:06:57 PM org.postgresql.jdbc.PgResultSet getString
FINEST:   getString columnIndex: 6
Jul 11, 2019 3:06:57 PM org.postgresql.jdbc.PgResultSet getString
FINEST:   getString columnIndex: 3
Jul 11, 2019 3:06:57 PM org.postgresql.jdbc.PgResultSet getString
FINEST:   getString columnIndex: 4
Jul 11, 2019 3:06:57 PM org.postgresql.jdbc.PgResultSet getString
FINEST:   getString columnIndex: 6
Jul 11, 2019 3:06:57 PM org.postgresql.jdbc.PgResultSet getString
FINEST:   getString columnIndex: 3
Jul 11, 2019 3:06:57 PM org.postgresql.jdbc.PgResultSet getString
FINEST:   getString columnIndex: 4
Jul 11, 2019 3:06:57 PM org.postgresql.jdbc.PgResultSet getString
FINEST:   getString columnIndex: 6
Jul 11, 2019 3:06:57 PM org.postgresql.jdbc.PgResultSet getString
FINEST:   getString columnIndex: 3
Jul 11, 2019 3:06:57 PM org.postgresql.jdbc.PgResultSet getString
FINEST:   getString columnIndex: 4
Jul 11, 2019 3:06:57 PM org.postgresql.jdbc.PgResultSet getString
FINEST:   getString columnIndex: 6
Jul 11, 2019 3:06:57 PM org.postgresql.jdbc.PgResultSet getString
FINEST:   getString columnIndex: 3
Jul 11, 2019 3:06:57 PM org.postgresql.jdbc.PgResultSet getString
FINEST:   getString columnIndex: 4
Jul 11, 2019 3:06:57 PM org.postgresql.jdbc.PgResultSet getString
FINEST:   getString columnIndex: 6
Jul 11, 2019 3:06:57 PM org.postgresql.jdbc.PgResultSet getString
FINEST:   getString columnIndex: 3
Jul 11, 2019 3:06:57 PM org.postgresql.jdbc.PgResultSet getString
FINEST:   getString columnIndex: 4
Jul 11, 2019 3:06:57 PM org.postgresql.jdbc.PgResultSet getString
FINEST:   getString columnIndex: 6
Jul 11, 2019 3:06:57 PM org.postgresql.jdbc.PgResultSet getString
FINEST:   getString columnIndex: 3
Jul 11, 2019 3:06:57 PM org.postgresql.jdbc.PgResultSet getString
FINEST:   getString columnIndex: 4
Jul 11, 2019 3:06:57 PM org.postgresql.jdbc.PgResultSet getString
FINEST:   getString columnIndex: 6
Jul 11, 2019 3:06:57 PM org.postgresql.jdbc.PgResultSet getString
FINEST:   getString columnIndex: 3
Jul 11, 2019 3:06:57 PM org.postgresql.jdbc.PgResultSet getString
FINEST:   getString columnIndex: 4
Jul 11, 2019 3:06:57 PM org.postgresql.jdbc.PgResultSet getString
FINEST:   getString columnIndex: 6
Jul 11, 2019 3:06:57 PM org.postgresql.jdbc.PgResultSet getString
FINEST:   getString columnIndex: 3
Jul 11, 2019 3:06:57 PM org.postgresql.jdbc.PgResultSet getString
FINEST:   getString columnIndex: 4
Jul 11, 2019 3:06:57 PM org.postgresql.jdbc.PgResultSet getString
FINEST:   getString columnIndex: 6
Jul 11, 2019 3:06:57 PM org.postgresql.jdbc.PgResultSet getString
FINEST:   getString columnIndex: 3
Jul 11, 2019 3:06:57 PM org.postgresql.jdbc.PgResultSet getString
FINEST:   getString columnIndex: 4
Jul 11, 2019 3:06:57 PM org.postgresql.jdbc.PgResultSet getString
FINEST:   getString columnIndex: 6
Jul 11, 2019 3:06:57 PM org.postgresql.jdbc.PgResultSet getString
FINEST:   getString columnIndex: 3
Jul 11, 2019 3:06:57 PM org.postgresql.jdbc.PgResultSet getString
FINEST:   getString columnIndex: 4
Jul 11, 2019 3:06:57 PM org.postgresql.jdbc.PgResultSet getString
FINEST:   getString columnIndex: 6
Jul 11, 2019 3:06:57 PM org.postgresql.jdbc.PgResultSet getString
FINEST:   getString columnIndex: 3
Jul 11, 2019 3:06:57 PM org.postgresql.jdbc.PgResultSet getString
FINEST:   getString columnIndex: 4
Jul 11, 2019 3:06:57 PM org.postgresql.jdbc.PgResultSet getString
FINEST:   getString columnIndex: 6
Jul 11, 2019 3:06:57 PM org.postgresql.jdbc.PgResultSet getString
FINEST:   getString columnIndex: 3
Jul 11, 2019 3:06:57 PM org.postgresql.jdbc.PgResultSet getString
FINEST:   getString columnIndex: 4
Jul 11, 2019 3:06:57 PM org.postgresql.jdbc.PgResultSet getString
FINEST:   getString columnIndex: 6
Jul 11, 2019 3:06:57 PM org.postgresql.jdbc.PgResultSet getString
FINEST:   getString columnIndex: 3
Jul 11, 2019 3:06:57 PM org.postgresql.jdbc.PgResultSet getString
FINEST:   getString columnIndex: 4
Jul 11, 2019 3:06:57 PM org.postgresql.jdbc.PgResultSet getString
FINEST:   getString columnIndex: 6
Jul 11, 2019 3:06:57 PM org.postgresql.jdbc.PgResultSet getString
FINEST:   getString columnIndex: 3
Jul 11, 2019 3:06:57 PM org.postgresql.jdbc.PgResultSet getString
FINEST:   getString columnIndex: 4
Jul 11, 2019 3:06:57 PM org.postgresql.jdbc.PgResultSet getString
FINEST:   getString columnIndex: 6
Jul 11, 2019 3:06:57 PM org.postgresql.jdbc.PgResultSet getString
FINEST:   getString columnIndex: 3
Jul 11, 2019 3:06:57 PM org.postgresql.jdbc.PgResultSet getString
FINEST:   getString columnIndex: 4
Jul 11, 2019 3:06:57 PM org.postgresql.jdbc.PgResultSet getString
FINEST:   getString columnIndex: 6
Jul 11, 2019 3:06:57 PM org.postgresql.jdbc.PgResultSet getString
FINEST:   getString columnIndex: 3
Jul 11, 2019 3:06:57 PM org.postgresql.jdbc.PgResultSet getString
FINEST:   getString columnIndex: 4
Jul 11, 2019 3:06:57 PM org.postgresql.jdbc.PgResultSet getString
FINEST:   getString columnIndex: 6
Jul 11, 2019 3:06:57 PM org.postgresql.jdbc.PgResultSet getString
FINEST:   getString columnIndex: 3
Jul 11, 2019 3:06:57 PM org.postgresql.jdbc.PgResultSet getString
FINEST:   getString columnIndex: 4
Jul 11, 2019 3:06:57 PM org.postgresql.jdbc.PgResultSet getString
FINEST:   getString columnIndex: 6
Jul 11, 2019 3:06:57 PM org.postgresql.jdbc.PgResultSet getString
FINEST:   getString columnIndex: 3
Jul 11, 2019 3:06:57 PM org.postgresql.jdbc.PgResultSet getString
FINEST:   getString columnIndex: 4
Jul 11, 2019 3:06:57 PM org.postgresql.jdbc.PgResultSet getString
FINEST:   getString columnIndex: 6
Jul 11, 2019 3:06:57 PM org.postgresql.jdbc.PgResultSet getString
FINEST:   getString columnIndex: 3
Jul 11, 2019 3:06:57 PM org.postgresql.jdbc.PgResultSet getString
FINEST:   getString columnIndex: 4
Jul 11, 2019 3:06:57 PM org.postgresql.jdbc.PgResultSet getString
FINEST:   getString columnIndex: 6
Jul 11, 2019 3:06:57 PM org.postgresql.jdbc.PgResultSet getString
FINEST:   getString columnIndex: 3
Jul 11, 2019 3:06:57 PM org.postgresql.jdbc.PgResultSet getString
FINEST:   getString columnIndex: 4
Jul 11, 2019 3:06:57 PM org.postgresql.jdbc.PgResultSet getString
FINEST:   getString columnIndex: 6
Jul 11, 2019 3:06:57 PM org.postgresql.core.v3.QueryExecutorImpl execute
FINEST:   simple execute, handler=org.postgresql.jdbc.PgStatement$StatementResultHandler@142269f2, maxRows=0, fetchSize=0, flags=1
Jul 11, 2019 3:06:57 PM org.postgresql.core.v3.QueryExecutorImpl sendParse
FINEST:  FE=> Parse(stmt=null,query="SELECT T."id", T."name", T."type", T."log" FROM "c0.sys.classes" T ORDER BY T."id"",oids={})
Jul 11, 2019 3:06:57 PM org.postgresql.core.v3.QueryExecutorImpl sendBind
FINEST:  FE=> Bind(stmt=null,portal=null)
Jul 11, 2019 3:06:57 PM org.postgresql.core.v3.QueryExecutorImpl sendDescribePortal
FINEST:  FE=> Describe(portal=null)
Jul 11, 2019 3:06:57 PM org.postgresql.core.v3.QueryExecutorImpl sendExecute
FINEST:  FE=> Execute(portal=null,limit=0)
Jul 11, 2019 3:06:57 PM org.postgresql.core.v3.QueryExecutorImpl sendSync
FINEST:  FE=> Sync
Jul 11, 2019 3:06:57 PM org.postgresql.core.v3.QueryExecutorImpl processResults
FINEST:  <=BE ParseComplete [null]
Jul 11, 2019 3:06:57 PM org.postgresql.core.v3.QueryExecutorImpl processResults
FINEST:  <=BE BindComplete [unnamed]
Jul 11, 2019 3:06:57 PM org.postgresql.core.v3.QueryExecutorImpl receiveFields
FINEST:  <=BE RowDescription(4)
Jul 11, 2019 3:06:57 PM org.postgresql.core.v3.QueryExecutorImpl receiveFields
FINEST:         Field(id,INT4,4,T)
Jul 11, 2019 3:06:57 PM org.postgresql.core.v3.QueryExecutorImpl receiveFields
FINEST:         Field(name,TEXT,65535,T)
Jul 11, 2019 3:06:57 PM org.postgresql.core.v3.QueryExecutorImpl receiveFields
FINEST:         Field(type,TEXT,65535,T)
Jul 11, 2019 3:06:57 PM org.postgresql.core.v3.QueryExecutorImpl receiveFields
FINEST:         Field(log,BOOL,1,T)
Jul 11, 2019 3:06:57 PM org.postgresql.core.v3.QueryExecutorImpl processResults
FINEST:  <=BE DataRow(len=14)
Jul 11, 2019 3:06:57 PM org.postgresql.core.v3.QueryExecutorImpl processResults
FINEST:  <=BE DataRow(len=19)
Jul 11, 2019 3:06:57 PM org.postgresql.core.v3.QueryExecutorImpl processResults
FINEST:  <=BE DataRow(len=30)
Jul 11, 2019 3:06:57 PM org.postgresql.core.v3.QueryExecutorImpl processResults
FINEST:  <=BE DataRow(len=12)
Jul 11, 2019 3:06:57 PM org.postgresql.core.v3.QueryExecutorImpl processResults
FINEST:  <=BE DataRow(len=14)
Jul 11, 2019 3:06:57 PM org.postgresql.core.v3.QueryExecutorImpl processResults
FINEST:  <=BE DataRow(len=28)
Jul 11, 2019 3:06:57 PM org.postgresql.core.v3.QueryExecutorImpl receiveCommandStatus
FINEST:  <=BE CommandStatus(SELECT 6)
Jul 11, 2019 3:06:57 PM org.postgresql.core.v3.QueryExecutorImpl receiveRFQ
FINEST:  <=BE ReadyForQuery(T)
Jul 11, 2019 3:06:57 PM org.postgresql.jdbc.PgResultSet getInt
FINEST:   getInt columnIndex: 1
Jul 11, 2019 3:06:57 PM org.postgresql.jdbc.PgResultSet getString
FINEST:   getString columnIndex: 2
Jul 11, 2019 3:06:57 PM org.postgresql.jdbc.PgResultSet getString
FINEST:   getString columnIndex: 3
Jul 11, 2019 3:06:57 PM org.postgresql.jdbc.PgResultSet getBoolean
FINEST:   getBoolean columnIndex: 4
Jul 11, 2019 3:06:57 PM org.postgresql.jdbc.PgResultSet getInt
FINEST:   getInt columnIndex: 1
Jul 11, 2019 3:06:57 PM org.postgresql.jdbc.PgResultSet getString
FINEST:   getString columnIndex: 2
Jul 11, 2019 3:06:57 PM org.postgresql.jdbc.PgResultSet getString
FINEST:   getString columnIndex: 3
Jul 11, 2019 3:06:57 PM org.postgresql.jdbc.PgResultSet getBoolean
FINEST:   getBoolean columnIndex: 4
Jul 11, 2019 3:06:57 PM org.postgresql.jdbc.PgResultSet getInt
FINEST:   getInt columnIndex: 1
Jul 11, 2019 3:06:57 PM org.postgresql.jdbc.PgResultSet getString
FINEST:   getString columnIndex: 2
Jul 11, 2019 3:06:57 PM org.postgresql.jdbc.PgResultSet getString
FINEST:   getString columnIndex: 3
Jul 11, 2019 3:06:57 PM org.postgresql.jdbc.PgResultSet getBoolean
FINEST:   getBoolean columnIndex: 4
Jul 11, 2019 3:06:57 PM org.postgresql.jdbc.PgResultSet getInt
FINEST:   getInt columnIndex: 1
Jul 11, 2019 3:06:57 PM org.postgresql.jdbc.PgResultSet getString
FINEST:   getString columnIndex: 2
Jul 11, 2019 3:06:57 PM org.postgresql.jdbc.PgResultSet getString
FINEST:   getString columnIndex: 3
Jul 11, 2019 3:06:57 PM org.postgresql.jdbc.PgResultSet getBoolean
FINEST:   getBoolean columnIndex: 4
Jul 11, 2019 3:06:57 PM org.postgresql.jdbc.PgResultSet getInt
FINEST:   getInt columnIndex: 1
Jul 11, 2019 3:06:57 PM org.postgresql.jdbc.PgResultSet getString
FINEST:   getString columnIndex: 2
Jul 11, 2019 3:06:57 PM org.postgresql.jdbc.PgResultSet getString
FINEST:   getString columnIndex: 3
Jul 11, 2019 3:06:57 PM org.postgresql.jdbc.PgResultSet getBoolean
FINEST:   getBoolean columnIndex: 4
Jul 11, 2019 3:06:57 PM org.postgresql.jdbc.PgResultSet getInt
FINEST:   getInt columnIndex: 1
Jul 11, 2019 3:06:57 PM org.postgresql.jdbc.PgResultSet getString
FINEST:   getString columnIndex: 2
Jul 11, 2019 3:06:57 PM org.postgresql.jdbc.PgResultSet getString
FINEST:   getString columnIndex: 3
Jul 11, 2019 3:06:57 PM org.postgresql.jdbc.PgResultSet getBoolean
FINEST:   getBoolean columnIndex: 4
Jul 11, 2019 3:06:57 PM org.postgresql.core.v3.QueryExecutorImpl execute
FINEST:   simple execute, handler=org.postgresql.jdbc.PgStatement$StatementResultHandler@7502291e, maxRows=0, fetchSize=0, flags=1
Jul 11, 2019 3:06:57 PM org.postgresql.core.v3.QueryExecutorImpl sendParse
FINEST:  FE=> Parse(stmt=null,query="SELECT T."class_id", T."name", T."type" FROM "c0.sys.attributes" T ORDER BY T."class_id", T."name"",oids={})
Jul 11, 2019 3:06:57 PM org.postgresql.core.v3.QueryExecutorImpl sendBind
FINEST:  FE=> Bind(stmt=null,portal=null)
Jul 11, 2019 3:06:57 PM org.postgresql.core.v3.QueryExecutorImpl sendDescribePortal
FINEST:  FE=> Describe(portal=null)
Jul 11, 2019 3:06:57 PM org.postgresql.core.v3.QueryExecutorImpl sendExecute
FINEST:  FE=> Execute(portal=null,limit=0)
Jul 11, 2019 3:06:57 PM org.postgresql.core.v3.QueryExecutorImpl sendSync
FINEST:  FE=> Sync
Jul 11, 2019 3:06:57 PM org.postgresql.core.v3.QueryExecutorImpl processResults
FINEST:  <=BE ParseComplete [null]
Jul 11, 2019 3:06:57 PM org.postgresql.core.v3.QueryExecutorImpl processResults
FINEST:  <=BE BindComplete [unnamed]
Jul 11, 2019 3:06:57 PM org.postgresql.core.v3.QueryExecutorImpl receiveFields
FINEST:  <=BE RowDescription(3)
Jul 11, 2019 3:06:57 PM org.postgresql.core.v3.QueryExecutorImpl receiveFields
FINEST:         Field(class_id,INT4,4,T)
Jul 11, 2019 3:06:57 PM org.postgresql.core.v3.QueryExecutorImpl receiveFields
FINEST:         Field(name,TEXT,65535,T)
Jul 11, 2019 3:06:57 PM org.postgresql.core.v3.QueryExecutorImpl receiveFields
FINEST:         Field(type,TEXT,65535,T)
Jul 11, 2019 3:06:57 PM org.postgresql.core.v3.QueryExecutorImpl processResults
FINEST:  <=BE DataRow(len=17)
Jul 11, 2019 3:06:57 PM org.postgresql.core.v3.QueryExecutorImpl processResults
FINEST:  <=BE DataRow(len=23)
Jul 11, 2019 3:06:57 PM org.postgresql.core.v3.QueryExecutorImpl processResults
FINEST:  <=BE DataRow(len=17)
Jul 11, 2019 3:06:57 PM org.postgresql.core.v3.QueryExecutorImpl processResults
FINEST:  <=BE DataRow(len=20)
Jul 11, 2019 3:06:57 PM org.postgresql.core.v3.QueryExecutorImpl processResults
FINEST:  <=BE DataRow(len=23)
Jul 11, 2019 3:06:57 PM org.postgresql.core.v3.QueryExecutorImpl processResults
FINEST:  <=BE DataRow(len=19)
Jul 11, 2019 3:06:57 PM org.postgresql.core.v3.QueryExecutorImpl processResults
FINEST:  <=BE DataRow(len=24)
Jul 11, 2019 3:06:57 PM org.postgresql.core.v3.QueryExecutorImpl processResults
FINEST:  <=BE DataRow(len=28)
Jul 11, 2019 3:06:57 PM org.postgresql.core.v3.QueryExecutorImpl processResults
FINEST:  <=BE DataRow(len=17)
Jul 11, 2019 3:06:57 PM org.postgresql.core.v3.QueryExecutorImpl processResults
FINEST:  <=BE DataRow(len=32)
Jul 11, 2019 3:06:57 PM org.postgresql.core.v3.QueryExecutorImpl processResults
FINEST:  <=BE DataRow(len=13)
Jul 11, 2019 3:06:57 PM org.postgresql.core.v3.QueryExecutorImpl processResults
FINEST:  <=BE DataRow(len=23)
Jul 11, 2019 3:06:57 PM org.postgresql.core.v3.QueryExecutorImpl processResults
FINEST:  <=BE DataRow(len=18)
Jul 11, 2019 3:06:57 PM org.postgresql.core.v3.QueryExecutorImpl processResults
FINEST:  <=BE DataRow(len=19)
Jul 11, 2019 3:06:57 PM org.postgresql.core.v3.QueryExecutorImpl processResults
FINEST:  <=BE DataRow(len=23)
Jul 11, 2019 3:06:57 PM org.postgresql.core.v3.QueryExecutorImpl processResults
FINEST:  <=BE DataRow(len=19)
Jul 11, 2019 3:06:57 PM org.postgresql.core.v3.QueryExecutorImpl processResults
FINEST:  <=BE DataRow(len=17)
Jul 11, 2019 3:06:57 PM org.postgresql.core.v3.QueryExecutorImpl processResults
FINEST:  <=BE DataRow(len=23)
Jul 11, 2019 3:06:57 PM org.postgresql.core.v3.QueryExecutorImpl processResults
FINEST:  <=BE DataRow(len=20)
Jul 11, 2019 3:06:57 PM org.postgresql.core.v3.QueryExecutorImpl processResults
FINEST:  <=BE DataRow(len=20)
Jul 11, 2019 3:06:57 PM org.postgresql.core.v3.QueryExecutorImpl processResults
FINEST:  <=BE DataRow(len=31)
Jul 11, 2019 3:06:57 PM org.postgresql.core.v3.QueryExecutorImpl receiveCommandStatus
FINEST:  <=BE CommandStatus(SELECT 21)
Jul 11, 2019 3:06:57 PM org.postgresql.core.v3.QueryExecutorImpl receiveRFQ
FINEST:  <=BE ReadyForQuery(T)
Jul 11, 2019 3:06:57 PM org.postgresql.jdbc.PgResultSet getInt
FINEST:   getInt columnIndex: 1
Jul 11, 2019 3:06:57 PM org.postgresql.jdbc.PgResultSet getString
FINEST:   getString columnIndex: 2
Jul 11, 2019 3:06:57 PM org.postgresql.jdbc.PgResultSet getString
FINEST:   getString columnIndex: 3
Jul 11, 2019 3:06:57 PM org.postgresql.jdbc.PgResultSet getInt
FINEST:   getInt columnIndex: 1
Jul 11, 2019 3:06:57 PM org.postgresql.jdbc.PgResultSet getString
FINEST:   getString columnIndex: 2
Jul 11, 2019 3:06:57 PM org.postgresql.jdbc.PgResultSet getString
FINEST:   getString columnIndex: 3
Jul 11, 2019 3:06:57 PM org.postgresql.jdbc.PgResultSet getInt
FINEST:   getInt columnIndex: 1
Jul 11, 2019 3:06:57 PM org.postgresql.jdbc.PgResultSet getString
FINEST:   getString columnIndex: 2
Jul 11, 2019 3:06:57 PM org.postgresql.jdbc.PgResultSet getString
FINEST:   getString columnIndex: 3
Jul 11, 2019 3:06:57 PM org.postgresql.jdbc.PgResultSet getInt
FINEST:   getInt columnIndex: 1
Jul 11, 2019 3:06:57 PM org.postgresql.jdbc.PgResultSet getString
FINEST:   getString columnIndex: 2
Jul 11, 2019 3:06:57 PM org.postgresql.jdbc.PgResultSet getString
FINEST:   getString columnIndex: 3
Jul 11, 2019 3:06:57 PM org.postgresql.jdbc.PgResultSet getInt
FINEST:   getInt columnIndex: 1
Jul 11, 2019 3:06:57 PM org.postgresql.jdbc.PgResultSet getString
FINEST:   getString columnIndex: 2
Jul 11, 2019 3:06:57 PM org.postgresql.jdbc.PgResultSet getString
FINEST:   getString columnIndex: 3
Jul 11, 2019 3:06:57 PM org.postgresql.jdbc.PgResultSet getInt
FINEST:   getInt columnIndex: 1
Jul 11, 2019 3:06:57 PM org.postgresql.jdbc.PgResultSet getString
FINEST:   getString columnIndex: 2
Jul 11, 2019 3:06:57 PM org.postgresql.jdbc.PgResultSet getString
FINEST:   getString columnIndex: 3
Jul 11, 2019 3:06:57 PM org.postgresql.jdbc.PgResultSet getInt
FINEST:   getInt columnIndex: 1
Jul 11, 2019 3:06:57 PM org.postgresql.jdbc.PgResultSet getString
FINEST:   getString columnIndex: 2
Jul 11, 2019 3:06:57 PM org.postgresql.jdbc.PgResultSet getString
FINEST:   getString columnIndex: 3
Jul 11, 2019 3:06:57 PM org.postgresql.jdbc.PgResultSet getInt
FINEST:   getInt columnIndex: 1
Jul 11, 2019 3:06:57 PM org.postgresql.jdbc.PgResultSet getString
FINEST:   getString columnIndex: 2
Jul 11, 2019 3:06:57 PM org.postgresql.jdbc.PgResultSet getString
FINEST:   getString columnIndex: 3
Jul 11, 2019 3:06:57 PM org.postgresql.jdbc.PgResultSet getInt
FINEST:   getInt columnIndex: 1
Jul 11, 2019 3:06:57 PM org.postgresql.jdbc.PgResultSet getString
FINEST:   getString columnIndex: 2
Jul 11, 2019 3:06:57 PM org.postgresql.jdbc.PgResultSet getString
FINEST:   getString columnIndex: 3
Jul 11, 2019 3:06:57 PM org.postgresql.jdbc.PgResultSet getInt
FINEST:   getInt columnIndex: 1
Jul 11, 2019 3:06:57 PM org.postgresql.jdbc.PgResultSet getString
FINEST:   getString columnIndex: 2
Jul 11, 2019 3:06:57 PM org.postgresql.jdbc.PgResultSet getString
FINEST:   getString columnIndex: 3
Jul 11, 2019 3:06:57 PM org.postgresql.jdbc.PgResultSet getInt
FINEST:   getInt columnIndex: 1
Jul 11, 2019 3:06:57 PM org.postgresql.jdbc.PgResultSet getString
FINEST:   getString columnIndex: 2
Jul 11, 2019 3:06:57 PM org.postgresql.jdbc.PgResultSet getString
FINEST:   getString columnIndex: 3
Jul 11, 2019 3:06:57 PM org.postgresql.jdbc.PgResultSet getInt
FINEST:   getInt columnIndex: 1
Jul 11, 2019 3:06:57 PM org.postgresql.jdbc.PgResultSet getString
FINEST:   getString columnIndex: 2
Jul 11, 2019 3:06:57 PM org.postgresql.jdbc.PgResultSet getString
FINEST:   getString columnIndex: 3
Jul 11, 2019 3:06:57 PM org.postgresql.jdbc.PgResultSet getInt
FINEST:   getInt columnIndex: 1
Jul 11, 2019 3:06:57 PM org.postgresql.jdbc.PgResultSet getString
FINEST:   getString columnIndex: 2
Jul 11, 2019 3:06:57 PM org.postgresql.jdbc.PgResultSet getString
FINEST:   getString columnIndex: 3
Jul 11, 2019 3:06:57 PM org.postgresql.jdbc.PgResultSet getInt
FINEST:   getInt columnIndex: 1
Jul 11, 2019 3:06:57 PM org.postgresql.jdbc.PgResultSet getString
FINEST:   getString columnIndex: 2
Jul 11, 2019 3:06:57 PM org.postgresql.jdbc.PgResultSet getString
FINEST:   getString columnIndex: 3
Jul 11, 2019 3:06:57 PM org.postgresql.jdbc.PgResultSet getInt
FINEST:   getInt columnIndex: 1
Jul 11, 2019 3:06:57 PM org.postgresql.jdbc.PgResultSet getString
FINEST:   getString columnIndex: 2
Jul 11, 2019 3:06:57 PM org.postgresql.jdbc.PgResultSet getString
FINEST:   getString columnIndex: 3
Jul 11, 2019 3:06:57 PM org.postgresql.jdbc.PgResultSet getInt
FINEST:   getInt columnIndex: 1
Jul 11, 2019 3:06:57 PM org.postgresql.jdbc.PgResultSet getString
FINEST:   getString columnIndex: 2
Jul 11, 2019 3:06:57 PM org.postgresql.jdbc.PgResultSet getString
FINEST:   getString columnIndex: 3
Jul 11, 2019 3:06:57 PM org.postgresql.jdbc.PgResultSet getInt
FINEST:   getInt columnIndex: 1
Jul 11, 2019 3:06:57 PM org.postgresql.jdbc.PgResultSet getString
FINEST:   getString columnIndex: 2
Jul 11, 2019 3:06:57 PM org.postgresql.jdbc.PgResultSet getString
FINEST:   getString columnIndex: 3
Jul 11, 2019 3:06:57 PM org.postgresql.jdbc.PgResultSet getInt
FINEST:   getInt columnIndex: 1
Jul 11, 2019 3:06:57 PM org.postgresql.jdbc.PgResultSet getString
FINEST:   getString columnIndex: 2
Jul 11, 2019 3:06:57 PM org.postgresql.jdbc.PgResultSet getString
FINEST:   getString columnIndex: 3
Jul 11, 2019 3:06:57 PM org.postgresql.jdbc.PgResultSet getInt
FINEST:   getInt columnIndex: 1
Jul 11, 2019 3:06:57 PM org.postgresql.jdbc.PgResultSet getString
FINEST:   getString columnIndex: 2
Jul 11, 2019 3:06:57 PM org.postgresql.jdbc.PgResultSet getString
FINEST:   getString columnIndex: 3
Jul 11, 2019 3:06:57 PM org.postgresql.jdbc.PgResultSet getInt
FINEST:   getInt columnIndex: 1
Jul 11, 2019 3:06:57 PM org.postgresql.jdbc.PgResultSet getString
FINEST:   getString columnIndex: 2
Jul 11, 2019 3:06:57 PM org.postgresql.jdbc.PgResultSet getString
FINEST:   getString columnIndex: 3
Jul 11, 2019 3:06:57 PM org.postgresql.jdbc.PgResultSet getInt
FINEST:   getInt columnIndex: 1
Jul 11, 2019 3:06:57 PM org.postgresql.jdbc.PgResultSet getString
FINEST:   getString columnIndex: 2
Jul 11, 2019 3:06:57 PM org.postgresql.jdbc.PgResultSet getString
FINEST:   getString columnIndex: 3
Jul 11, 2019 3:06:57 PM org.postgresql.core.v3.QueryExecutorImpl execute
FINEST:   simple execute, handler=org.postgresql.jdbc.PgConnection$TransactionCommandHandler@115667d, maxRows=0, fetchSize=0, flags=22
Jul 11, 2019 3:06:57 PM org.postgresql.core.v3.QueryExecutorImpl sendParse
FINEST:  FE=> Parse(stmt=S_1,query="COMMIT",oids={})
Jul 11, 2019 3:06:57 PM org.postgresql.core.v3.QueryExecutorImpl sendBind
FINEST:  FE=> Bind(stmt=S_1,portal=null)
Jul 11, 2019 3:06:57 PM org.postgresql.core.v3.QueryExecutorImpl sendExecute
FINEST:  FE=> Execute(portal=null,limit=1)
Jul 11, 2019 3:06:57 PM org.postgresql.core.v3.QueryExecutorImpl sendSync
FINEST:  FE=> Sync
Jul 11, 2019 3:06:57 PM org.postgresql.core.v3.QueryExecutorImpl processResults
FINEST:  <=BE ParseComplete [S_1]
Jul 11, 2019 3:06:57 PM org.postgresql.core.v3.QueryExecutorImpl processResults
FINEST:  <=BE BindComplete [unnamed]
Jul 11, 2019 3:06:57 PM org.postgresql.core.v3.QueryExecutorImpl receiveCommandStatus
FINEST:  <=BE CommandStatus(COMMIT)
Jul 11, 2019 3:06:57 PM org.postgresql.core.v3.QueryExecutorImpl receiveRFQ
FINEST:  <=BE ReadyForQuery(I)
Jul 11, 2019 3:06:57 PM org.postgresql.jdbc.PgConnection setAutoCommit
FINE:   setAutoCommit = true
